sid,label,sample_before,sample_after,mal_windows_before,mal_windows_after
26,1,1,1,2,2
90,1,1,1,936,936
168,1,1,1,942,942
202,1,1,1,244,244
268,1,1,1,25,25
321,1,1,1,58,58
325,1,1,1,32,32
444,1,1,1,932,932
460,0,1,1,38,38
472,1,1,1,57,57
489,1,1,1,19,19
526,1,1,1,23,23
543,1,1,1,887,887
578,1,1,1,941,941
588,1,1,1,792,792
649,1,1,1,18,18
716,1,1,1,22,22
722,1,1,1,23,23
736,1,1,1,23,23
742,0,1,1,38,38
752,1,1,1,932,932
798,1,1,1,23,23
807,1,1,1,19,19
825,1,1,1,46,46
854,1,1,1,42,42
915,1,1,1,36,36
916,0,1,1,37,37
999,1,1,1,15,15
1058,1,1,1,23,23
1102,0,1,1,38,38
1103,1,1,1,945,945
1136,1,1,1,291,291
1222,1,1,1,21,21
1259,1,0,0,0,0
1291,0,1,1,745,745
1433,0,1,1,983,983
1447,1,1,1,19,19
1457,0,1,1,17,17
1521,1,1,1,25,25
1620,0,1,1,37,37
1621,0,1,1,19,19
1654,1,1,1,22,22
1740,1,1,1,21,22
1745,1,1,1,936,936
1801,1,1,1,23,23
1815,1,1,1,22,22
1881,1,1,1,40,40
1890,1,1,1,184,184
1926,1,1,1,927,927
2013,1,1,1,3,3
2072,1,1,1,62,62
2151,1,1,1,938,938
2164,0,1,1,22,22
2193,0,1,1,37,37
2236,1,1,1,19,19
2245,1,1,1,23,23
2274,1,1,1,15,15
2285,1,1,1,673,673
2308,1,1,1,23,23
2334,1,1,1,929,929
2362,0,1,1,38,38
2452,1,1,1,20,20
2700,1,1,1,3,3
2792,1,1,1,40,40
2835,1,1,1,22,22
2850,1,1,1,5,5
2851,0,1,1,15,15
2871,1,1,1,49,49
2902,1,1,1,23,23
2943,1,1,1,934,934
2956,0,1,1,39,39
3005,1,1,1,928,928
3149,1,1,1,169,169
3161,1,1,1,654,654
3191,1,1,1,32,32
3193,1,1,1,22,22
3241,1,1,1,945,945
3242,1,1,1,4,4
3272,1,1,1,18,18
3284,1,1,1,24,24
3330,1,1,1,19,19
3397,1,1,1,22,22
3424,1,1,1,11,11
3461,1,1,1,17,17
3472,1,1,1,19,19
3484,1,1,1,77,77
3518,1,1,1,25,25
3526,1,1,1,23,23
3540,1,1,1,23,23
3555,1,1,1,18,18
3583,1,1,1,932,932
3599,0,1,1,15,15
3603,1,1,1,887,887
3641,1,1,1,291,291
3664,1,1,1,722,722
3681,1,1,1,19,19
3707,1,1,1,655,655
3740,1,1,1,41,41
3813,1,1,1,25,25
3815,1,1,1,935,935
3955,0,1,1,1121,1121
3958,1,1,1,17,17
4008,1,1,1,93,93
4103,1,1,1,938,938
4108,1,1,1,22,22
4173,1,1,1,12,12
4217,0,1,1,17,17
4227,1,1,1,20,20
4259,1,1,1,169,169
4292,0,1,1,37,37
4297,1,1,1,283,283
4347,1,1,1,5,5
4417,1,1,1,23,23
4422,1,1,1,18,18
4485,0,1,1,15,15
4543,1,1,1,946,946
4616,1,1,1,20,20
4634,1,1,1,41,41
4653,0,1,1,38,38
4679,1,1,1,23,23
4717,1,1,1,45,45
4801,1,1,1,917,917
4820,1,1,1,20,20
4837,1,1,1,54,54
4842,1,1,1,245,245
4905,0,1,1,38,38
4908,1,1,1,693,693
4917,0,1,1,313,313
4936,1,1,1,915,915
5018,1,1,1,64,64
5142,1,1,1,20,20
5170,1,1,1,935,935
5174,1,0,0,0,0
5223,1,1,1,932,932
5247,0,1,1,39,39
5267,1,1,1,938,938
5312,1,1,1,947,947
5325,1,1,1,22,22
5334,1,1,1,327,327
5370,1,1,1,22,22
5386,1,1,1,256,256
5413,0,1,1,39,39
5440,1,1,1,937,937
5525,1,1,1,933,933
5530,0,1,1,36,36
5560,1,1,1,22,22
5574,0,1,1,37,37
5657,1,1,1,20,20
5662,1,1,1,4,4
5715,1,1,1,936,936
5753,1,1,1,26,26
5772,1,1,1,19,19
5774,1,1,1,19,19
5833,0,1,1,38,38
5841,0,1,1,18,18
5844,1,1,1,21,21
5885,1,1,1,949,949
5915,1,1,1,937,937
5991,1,1,1,9,9
5998,0,1,1,795,795
6005,1,1,1,926,926
6058,1,1,1,17,16
6182,1,1,1,19,19
6240,1,1,1,61,61
6248,0,1,1,37,37
6251,1,1,1,939,939
6261,0,1,1,38,38
6277,1,1,1,181,181
6294,1,1,1,941,941
6310,1,1,1,48,48
6344,1,1,1,910,910
6388,1,1,1,35,35
6456,0,1,1,39,39
6476,1,1,1,41,41
6597,1,1,1,53,53
6670,0,1,1,36,36
6752,1,1,1,23,23
6763,1,1,1,3,3
6775,0,1,1,25,25
6781,1,1,1,22,22
6809,1,1,1,24,24
6825,1,1,1,15,16
6837,1,1,1,23,23
6864,0,1,1,4,4
6982,1,1,1,930,930
7048,1,1,1,23,23
7066,1,1,1,6,6
7220,1,1,1,19,19
7248,1,1,1,23,23
7249,0,1,1,19,19
7308,1,1,1,22,22
7473,1,1,1,205,205
7524,1,1,1,145,145
7540,0,1,1,300,300
7591,0,1,1,39,39
7608,1,1,1,36,36
7651,1,1,1,20,20
7813,1,1,1,429,429
7863,1,1,1,61,61
7877,1,1,1,10,13
7959,1,1,1,24,24
7993,1,1,1,936,936
8053,1,1,1,23,23
8139,1,1,1,21,21
8142,1,1,1,306,306
8152,0,1,1,40,40
8173,1,1,1,36,36
8186,1,1,1,822,822
8264,1,1,1,20,20
8355,0,1,1,38,38
8440,1,1,1,120,120
8458,0,1,1,14,14
8486,1,1,1,22,22
8535,0,1,1,303,303
8538,1,1,1,20,20
8554,1,1,1,16,17
8578,1,1,1,940,940
8651,1,1,1,20,20
8665,1,1,1,938,938
8686,1,1,1,909,909
8700,1,1,1,933,933
8816,1,1,1,928,928
8838,1,1,1,931,931
8850,1,1,1,60,60
8861,1,1,1,135,135
8958,1,1,1,4,4
8966,1,1,1,936,936
8970,1,1,1,107,107
9033,1,1,1,946,946
9114,0,1,1,19,19
9142,1,1,1,16,16
9176,1,1,1,23,23
9225,1,1,1,17,17
9235,1,0,0,0,0
9250,1,1,1,947,947
9331,1,1,1,57,57
9339,1,1,1,916,916
9353,1,1,1,931,931
9394,1,1,1,5,5
9429,1,1,1,244,244
9502,0,1,1,998,998
9532,0,1,1,39,39
9571,1,1,1,166,166
9609,1,1,1,5,5
9621,1,1,1,219,219
9646,1,1,1,48,48
9680,1,1,1,22,22
9699,1,1,1,242,242
9715,0,1,1,38,38
9738,0,1,1,40,40
9758,0,1,1,40,40
9814,1,1,1,952,952
9837,1,1,1,150,150
9916,1,1,1,17,17
9979,1,1,1,942,942
10026,1,1,1,18,18
10033,1,1,1,17,16
10044,0,1,1,1027,1027
10045,1,1,1,43,43
10080,1,1,1,169,169
10082,1,1,1,22,22
10104,0,1,1,19,19
10107,1,1,1,19,19
10130,1,1,1,45,45
10133,1,1,1,932,932
10137,1,1,1,932,932
10140,1,1,1,20,20
10142,0,1,1,1012,1012
10232,1,1,1,58,58
10258,1,1,1,208,208
10260,1,1,1,257,257
10342,1,1,1,36,36
10395,1,1,1,1180,1180
10458,1,1,1,23,23
10493,1,1,1,17,17
10559,1,0,0,0,0
10589,1,1,1,935,935
10648,1,1,1,941,941
10670,1,1,1,22,22
10673,0,1,1,19,19
10729,1,1,1,22,22
10736,0,1,1,39,39
10776,1,1,1,4,4
10777,1,1,1,931,931
10807,1,1,1,202,202
10810,0,1,1,37,37
10836,1,1,1,20,20
10854,0,1,1,19,19
10958,1,1,1,23,23
11013,1,1,1,22,22
11047,1,0,0,0,0
11128,1,1,1,22,22
11133,1,1,1,935,935
11162,1,1,1,22,22
11252,0,1,1,7,7
11277,1,1,1,937,937
11287,1,1,1,164,164
11307,1,1,1,289,289
11324,0,1,1,1041,1041
11333,1,1,1,240,240
11341,1,1,1,62,62
11351,1,1,1,14,14
11362,1,1,1,12,12
11364,1,1,1,20,20
11419,1,1,1,289,289
11478,0,1,1,184,184
11496,0,1,1,20,20
11527,1,1,1,6,6
11565,1,1,1,932,932
11640,0,1,1,37,37
11663,0,1,1,17,17
11682,1,1,1,930,930
11685,0,1,1,37,37
11692,1,1,1,169,169
11850,1,1,1,199,199
11856,1,1,1,42,42
11915,0,1,1,18,18
11922,0,1,1,22,22
11954,0,1,1,23,23
11955,1,1,1,31,31
11957,0,1,1,25,25
11958,1,1,1,66,66
11972,1,1,1,37,37
11977,0,1,1,22,22
12047,0,1,1,22,22
12072,1,1,1,23,23
12093,0,1,1,414,414
12119,0,1,1,22,22
12204,0,1,1,22,22
12259,0,1,1,22,22
12260,0,1,1,36,36
12319,0,1,1,11,11
12361,1,1,1,26,26
12385,1,1,1,40,40
12411,0,1,1,22,22
12470,1,1,1,80,80
12477,1,1,1,43,43
12494,0,1,1,22,22
12515,0,1,1,22,22
12584,0,0,0,0,0
12629,1,1,1,94,94
12632,0,1,1,22,22
12723,0,1,1,24,24
12745,0,1,1,2,2
12749,0,1,1,22,22
12773,0,1,1,41,41
12789,0,1,1,22,22
12815,0,1,1,22,22
12840,0,1,1,9,9
12916,1,1,1,41,41
12959,0,1,1,22,22
12971,1,1,1,9,9
12991,1,1,1,48,48
13011,1,1,1,31,30
13016,1,1,1,44,44
13028,0,1,1,22,22
13041,0,1,1,11,11
13052,0,1,1,12,12
13081,1,1,1,391,391
13083,0,1,1,22,22
13094,1,1,1,25,25
13124,1,1,1,44,44
13140,1,1,1,5,5
13154,1,1,1,108,108
13162,1,1,1,843,843
13191,1,1,1,25,25
13247,0,1,1,29,29
13308,0,1,1,48,48
13335,0,1,1,22,22
13392,0,1,1,22,22
13432,0,1,1,23,23
13447,0,1,1,22,22
13504,1,1,1,25,25
13517,0,1,1,22,22
13586,1,1,1,526,526
13592,0,1,1,166,166
13596,1,1,1,363,363
13608,0,1,1,22,22
13649,0,1,1,22,22
13651,0,1,1,9,9
13657,0,1,1,5,5
13661,0,1,1,22,22
13666,0,1,1,22,22
13709,0,1,1,22,22
13715,1,1,1,37,37
13725,0,1,1,22,22
13756,1,1,1,6,6
13790,1,1,1,975,975
13856,0,1,1,22,22
13877,0,0,0,0,0
13883,1,1,1,25,25
13904,0,1,1,6,6
13935,0,1,1,168,168
13937,0,1,1,25,25
13974,0,1,1,22,22
14014,0,1,1,20,20
14015,0,0,0,0,0
14024,1,1,1,42,42
14028,0,1,1,22,22
14047,0,1,1,22,22
14057,1,1,1,515,515
14064,0,1,1,22,22
14071,0,1,1,22,22
14075,1,1,1,48,48
14090,1,1,1,19,19
14137,0,1,1,22,22
14167,0,1,1,22,22
14172,0,1,1,22,22
14199,0,1,1,22,22
14215,0,1,1,41,41
14229,1,1,1,5,5
14242,0,1,1,22,22
14297,0,0,0,0,0
14301,1,1,1,729,729
14321,1,1,1,420,420
14336,0,1,1,22,22
14460,0,1,1,22,22
14487,0,1,1,9,9
14523,1,0,0,0,0
14598,0,0,0,0,0
14665,0,1,1,90,90
14675,0,1,1,29,29
14735,1,1,1,485,485
14756,0,1,1,23,23
14807,0,1,1,24,24
14813,0,1,1,86,86
14824,1,1,1,81,81
14834,1,1,1,47,47
14850,0,1,1,23,23
14909,1,1,1,48,48
14948,1,1,1,42,42
14968,0,1,1,22,22
15004,1,1,1,74,74
15019,1,1,1,71,71
15026,0,1,1,22,22
15048,0,1,1,22,22
15085,0,1,1,22,22
15087,0,1,1,22,22
15108,0,1,1,22,22
15241,1,1,1,46,46
15292,0,1,1,22,22
15315,1,1,1,19,19
15346,0,1,1,36,36
15364,0,1,1,27,27
15367,1,1,1,386,386
15430,0,1,1,22,22
15473,1,1,1,64,64
15477,1,1,1,73,73
15524,1,1,1,97,97
15533,0,1,1,22,22
15544,0,1,1,37,37
15558,0,1,1,23,23
15600,1,1,1,1,1
15623,1,1,1,40,40
15625,0,1,1,23,23
15699,0,1,1,4,4
15743,1,1,1,20,20
15803,1,1,1,26,26
15805,1,1,1,577,577
15807,1,1,1,25,25
15816,1,1,1,20,20
15817,0,0,0,0,0
15908,0,1,1,4,4
15931,0,1,1,85,85
15966,0,1,1,4,4
15969,0,1,1,166,166
15981,0,1,1,1,1
16091,1,1,1,9,9
16097,0,1,1,23,23
16111,0,1,1,22,22
16121,1,1,1,501,501
16122,0,0,0,0,0
16130,1,1,1,23,23
16193,1,1,1,10,10
16239,0,0,0,0,0
16244,1,1,1,483,483
16279,1,1,1,6,6
16294,0,1,1,22,22
16315,0,1,1,24,24
16368,0,1,1,22,22
16375,1,1,1,72,72
16501,0,1,1,43,43
16535,1,1,1,75,75
16549,1,1,1,14,14
16556,1,1,1,96,96
16623,1,1,1,6,6
16643,0,1,1,22,22
16648,0,0,0,0,0
16654,0,1,1,22,22
16706,1,1,1,1001,1001
16718,0,1,1,6,6
16746,1,1,1,23,23
16757,0,1,1,22,22
16814,1,1,1,51,51
16817,0,1,1,9,9
16841,0,1,1,22,22
16865,0,1,1,17,17
16924,0,1,1,22,22
16938,0,1,1,22,22
16966,1,1,1,361,361
16999,0,1,1,21,21
17044,0,1,1,7,7
17058,1,1,1,446,446
17062,0,1,1,22,22
17079,0,1,1,22,22
17130,1,1,1,42,42
17144,0,1,1,22,22
17160,1,1,1,133,133
17201,0,1,1,22,22
17232,0,1,1,26,26
17258,1,1,1,70,70
17277,0,1,1,22,22
17289,0,1,1,22,22
17309,0,1,1,22,22
17410,1,1,1,59,59
17419,1,1,1,53,53
17442,0,1,1,22,22
17458,0,1,1,5,5
17542,0,1,1,25,25
17587,1,1,1,200,200
17597,0,1,1,22,22
17602,1,1,1,43,43
17648,1,1,1,26,26
17774,0,1,1,22,22
17794,0,1,1,22,22
17804,1,0,0,0,0
17835,1,1,1,81,81
17845,0,0,0,0,0
17850,0,1,1,22,22
17897,0,1,1,174,174
17901,1,1,1,47,47
17916,1,1,1,42,42
17919,1,1,1,1001,1001
17965,1,0,0,0,0
18004,1,1,1,6,6
18005,1,1,1,25,25
18009,0,1,1,22,22
18021,0,1,1,22,22
18090,1,1,1,48,48
18107,1,1,1,440,440
18129,1,1,1,27,27
18138,1,1,1,101,101
18159,0,1,1,53,53
18179,0,1,1,22,22
18217,0,1,1,22,22
18242,1,1,1,1002,1002
18262,0,1,1,22,22
18263,1,0,0,0,0
18278,0,1,1,22,22
18373,1,1,1,47,47
18383,0,1,1,59,59
18388,1,1,1,46,46
18462,1,1,1,10,10
18481,0,1,1,22,22
18482,0,1,1,16,16
18518,0,1,1,22,22
18533,0,1,1,22,22
18628,1,1,1,47,47
18656,0,1,1,22,22
18685,1,1,1,48,48
18696,0,1,1,38,38
18765,1,1,1,8,8
18794,1,1,1,39,39
18799,0,1,1,18,18
18839,1,1,1,91,91
18844,1,1,1,63,63
18853,1,1,1,1002,1002
18905,1,1,1,1003,1003
18915,0,1,1,22,22
18920,1,0,0,0,0
18994,1,1,1,136,136
19073,0,1,1,410,410
19075,1,1,1,29,29
19103,0,1,1,7,7
19110,0,1,1,27,27
19114,0,1,1,22,22
19131,0,1,1,43,43
19209,1,1,1,25,25
19301,0,1,1,22,22
19317,1,1,1,23,23
19322,0,1,1,22,22
19329,0,1,1,22,22
19352,0,1,1,23,23
19364,0,1,1,8,8
19379,0,1,1,106,106
19392,1,1,1,4,4
19419,1,1,1,33,33
19438,0,1,1,86,86
19453,0,1,1,22,22
19455,0,1,1,22,22
19471,0,1,1,42,42
19488,0,1,1,22,22
19496,0,1,1,22,22
19507,0,1,1,22,22
19524,1,1,1,25,25
19536,0,1,1,22,22
19541,0,1,1,21,21
19554,1,0,0,0,0
19567,1,1,1,25,25
19583,1,1,1,488,488
19621,1,1,1,41,41
19649,1,1,1,60,60
19669,1,1,1,25,25
19682,0,1,1,22,22
19728,0,1,1,22,22
19743,0,1,1,22,22
19816,0,1,1,2,2
19817,1,1,1,28,28
19887,0,1,1,42,42
19889,1,1,1,25,25
19906,0,1,1,22,22
19944,0,1,1,48,48
19948,1,1,1,60,60
19975,0,1,1,22,22
20077,0,1,1,22,22
20113,1,1,1,94,94
20156,0,0,0,0,0
20169,1,1,1,2,2
20170,1,1,1,43,43
20204,0,1,1,38,38
20207,1,1,1,28,28
20214,1,1,1,41,41
20226,0,1,1,22,22
20234,0,1,1,22,22
20277,0,1,1,22,22
20321,1,1,1,357,357
20324,1,1,1,5,5
20379,0,1,1,27,27
20402,1,1,1,46,46
20417,0,1,1,1,1
20458,1,1,1,21,21
20477,0,1,1,65,65
20550,1,1,1,29,29
20653,0,1,1,2,2
20662,1,1,1,45,45
20676,0,1,1,4,4
20697,0,1,1,22,22
20755,0,1,1,22,22
20771,0,1,1,22,22
20806,0,0,0,0,0
20824,0,1,1,22,22
20857,0,1,1,6,6
20874,0,0,0,0,0
20895,1,1,1,40,40
20897,1,1,1,59,59
20999,1,1,1,48,48
21032,1,1,1,48,48
21062,1,1,1,24,24
21119,0,1,1,82,82
21123,0,1,1,22,22
21160,1,1,1,82,82
21167,0,1,1,22,22
21173,1,1,1,83,83
21175,0,1,1,22,22
21181,1,1,1,72,72
21187,0,1,1,42,42
21241,0,1,1,10,10
21273,1,1,1,6,6
21286,0,1,1,28,28
21303,0,1,1,24,24
21373,1,1,1,36,36
21421,0,1,1,22,22
21423,0,1,1,21,21
21466,0,1,1,22,22
21506,0,1,1,22,22
21547,1,1,1,237,237
21602,0,1,1,22,22
21669,0,1,1,22,22
21686,1,1,1,28,28
21715,0,1,1,2,2
21807,1,1,1,33,36
21827,1,1,1,25,25
21830,0,1,1,3,3
21837,1,1,1,64,64
21905,0,1,1,22,22
21907,1,1,1,36,36
21913,1,1,1,24,24
21992,0,1,1,22,22
22031,0,1,1,28,28
22046,1,0,0,0,0
22054,0,1,1,9,9
22057,1,1,1,24,24
22089,0,1,1,4,4
22102,0,1,1,22,22
22127,1,1,1,201,201
22165,0,1,1,22,22
22210,0,1,1,22,22
22220,0,1,1,5,5
22228,0,1,1,25,25
22293,0,1,1,22,22
22466,0,1,1,22,22
22493,1,1,1,25,25
22548,1,1,1,420,420
22552,1,1,1,85,85
22576,0,1,1,9,9
22616,1,1,1,44,44
22665,0,1,1,22,22
22691,0,1,1,20,20
22712,1,1,1,25,25
22718,1,1,1,43,43
22720,0,1,1,22,22
22739,0,1,1,22,22
22784,1,1,1,27,27
22785,0,1,1,22,22
22797,1,1,1,43,43
22806,1,1,1,25,25
22836,1,1,1,1160,1160
22864,0,1,1,6,6
22872,0,1,1,22,22
22874,0,1,1,22,22
22879,1,1,1,85,85
23052,1,1,1,67,67
23105,0,1,1,22,22
23126,0,1,1,22,22
23166,1,1,1,1001,1001
23178,1,1,1,25,25
23190,0,1,1,22,22
23197,1,1,1,23,23
23199,0,1,1,22,22
23201,0,1,1,86,86
23270,0,1,1,27,27
23286,1,0,0,0,0
23294,1,1,1,25,25
23313,0,1,1,25,25
23334,1,1,1,442,442
23337,0,1,1,22,22
23366,1,1,1,43,43
23369,1,1,1,7,7
23381,1,1,1,25,25
23389,0,0,0,0,0
23401,1,1,1,69,69
23410,0,1,1,22,22
23438,1,1,1,22,22
23482,1,1,1,142,142
23513,0,1,1,22,22
23515,0,1,1,22,22
23602,0,1,1,27,27
23641,0,1,1,22,22
23676,0,1,1,22,22
23683,0,1,1,22,22
23698,0,1,1,22,22
23711,1,1,1,98,98
23712,0,1,1,22,22
23738,1,1,1,19,19
23752,1,1,1,59,59
23773,1,0,0,0,0
23789,1,1,1,4,4
23825,0,1,1,22,22
23847,0,1,1,22,22
23878,1,1,1,45,45
23892,1,1,1,7,7
23963,0,1,1,22,22
23966,1,1,1,40,40
23967,1,1,1,9,9
24005,0,1,1,22,22
24033,0,1,1,27,27
24036,0,1,1,8,8
24079,1,1,1,66,66
24137,0,1,1,22,22
24161,1,1,1,30,30
24191,1,1,1,47,47
24197,1,1,1,37,37
24217,1,1,1,226,226
24218,0,1,1,2,2
24335,1,1,1,48,48
24370,0,1,1,22,22
24394,1,1,1,57,57
24433,0,1,1,22,22
24452,1,1,1,791,791
24483,0,1,1,22,22
24559,1,1,1,24,24
24560,0,1,1,22,22
24569,1,1,1,45,45
24582,0,1,1,22,22
24620,0,1,1,22,22
24621,0,1,1,52,52
24626,0,1,1,2,2
24649,0,1,1,41,41
24684,1,1,1,124,124
24831,0,1,1,22,22
24863,0,1,1,22,22
24872,0,1,1,22,22
24887,0,1,1,22,22
24891,1,1,1,31,31
24918,0,1,1,22,22
24931,0,1,1,21,21
24944,1,1,1,41,41
24953,1,1,1,74,74
24957,0,1,1,22,22
24970,1,1,1,42,42
24984,0,1,1,22,22
25005,1,1,1,9,9
25016,0,1,1,2,2
25029,1,1,1,25,25
25105,1,1,1,47,47
25111,0,1,1,6,6
25134,0,1,1,22,22
25159,1,1,1,481,481
25188,1,1,1,539,539
25226,1,1,1,175,175
25294,0,1,1,114,114
25370,0,1,1,22,22
25375,1,1,1,5,5
25429,1,1,1,83,83
25438,1,1,1,600,600
25473,1,1,1,24,24
25495,0,1,1,23,23
25512,1,1,1,134,134
25516,0,1,1,9,9
25543,1,1,1,1002,1002
25628,0,1,1,22,22
25693,0,1,1,22,22
25718,0,1,1,18,18
25758,0,1,1,22,22
25798,1,1,1,25,25
25799,0,1,1,22,22
25811,1,1,1,726,726
25862,1,1,1,233,233
25908,0,1,1,22,22
25910,0,1,1,30,30
25923,0,0,0,0,0
25979,0,1,1,22,22
25989,1,1,1,57,57
26049,0,1,1,22,22
26113,1,1,1,49,49
26181,0,1,1,26,26
26190,0,1,1,9,9
26196,0,1,1,1079,1079
26201,0,1,1,22,22
26234,0,1,1,22,22
26238,1,1,1,1099,1099
26328,1,1,1,66,66
26384,1,1,1,35,35
26428,0,1,1,7,7
26447,1,1,1,126,126
26498,1,1,1,63,63
26508,1,1,1,2,2
26519,0,1,1,22,22
26532,0,1,1,21,21
26661,0,1,1,22,22
26677,1,1,1,6,6
26682,1,1,1,60,60
26683,1,1,1,418,418
26729,1,1,1,669,669
26859,1,1,1,242,242
26920,0,1,1,22,22
26936,1,1,1,25,25
26952,1,1,1,30,30
27047,1,1,1,6,6
27076,1,1,1,359,359
27121,0,1,1,42,42
27160,0,1,1,25,25
27213,1,1,1,47,47
27227,0,1,1,22,22
27278,1,1,1,43,43
27297,0,1,1,22,22
27319,1,1,1,82,82
27321,0,1,1,60,60
27347,1,1,1,191,191
27373,0,1,1,22,22
27376,1,1,1,416,416
27463,0,1,1,22,22
27557,0,1,1,22,22
27684,1,1,1,108,108
27757,0,1,1,22,22
27848,0,1,1,22,22
27864,0,1,1,18,18
27887,0,1,1,22,22
27888,1,1,1,6,6
27917,1,1,1,47,47
27929,1,1,1,20,20
27933,0,1,1,22,22
27937,0,1,1,22,22
27945,1,1,1,42,42
27982,0,1,1,8,8
27994,1,1,1,5,5
28082,1,1,1,48,48
28091,0,1,1,22,22
28120,1,1,1,44,44
28166,0,1,1,22,22
28195,0,0,0,0,0
28203,1,1,1,25,25
28275,1,1,1,6,6
28280,0,1,1,23,23
28472,0,1,1,25,25
28493,1,1,1,38,38
28522,1,1,1,48,48
28523,0,1,1,7,7
28576,1,1,1,57,57
28610,1,0,0,0,0
28613,0,1,1,22,22
28654,1,1,1,22,22
28657,1,1,1,6,6
28662,1,1,1,6,6
28682,1,1,1,162,162
28699,0,1,1,41,41
28777,0,1,1,8,8
28787,0,1,1,5,5
28810,0,1,1,22,22
28821,0,1,1,1079,1079
28832,0,1,1,22,22
28836,0,1,1,21,21
28837,0,1,1,22,22
28849,0,1,1,16,16
28854,0,1,1,41,41
28871,0,1,1,20,20
28886,1,1,1,7,7
28896,0,1,1,6,6
28944,1,1,1,23,23
28980,1,1,1,243,243
28984,1,1,1,90,90
29025,0,1,1,4,4
29028,1,1,1,194,194
29033,0,1,1,22,22
29049,1,1,1,26,26
29053,0,1,1,6,6
29054,0,1,1,22,22
29092,0,1,1,4,4
29094,0,1,1,22,22
29145,0,1,1,45,45
29261,1,1,1,45,45
29375,0,1,1,22,22
29417,1,1,1,721,721
29426,1,0,0,0,0
29480,1,1,1,57,57
29640,0,1,1,22,22
29641,0,1,1,22,22
29645,0,1,1,22,22
29669,1,1,1,21,21
29698,0,1,1,4,4
29715,1,1,1,45,45
29716,0,1,1,22,22
29739,1,1,1,40,40
29759,1,1,1,256,256
29784,1,1,1,47,47
29788,1,1,1,36,36
29819,1,1,1,22,22
30008,0,1,1,24,24
30011,1,1,1,48,48
30025,1,1,1,48,48
30036,1,1,1,65,65
30059,0,1,1,22,22
30084,0,1,1,9,9
30103,1,1,1,27,27
30140,0,1,1,22,22
30159,0,1,1,25,25
30162,1,1,1,38,38
30234,1,1,1,106,106
30244,0,1,1,22,22
30285,0,1,1,114,114
30287,1,0,0,0,0
30289,0,1,1,22,22
30360,1,1,1,48,48
30366,1,1,1,31,31
30372,1,1,1,81,81
30381,0,1,1,23,23
30458,0,0,0,0,0
30460,1,1,1,6,6
30508,1,1,1,25,25
30523,1,1,1,42,42
30538,0,1,1,22,22
30549,1,1,1,196,196
30652,1,1,1,36,36
30679,0,1,1,22,22
30715,1,1,1,5,5
30724,1,1,1,1126,1126
30739,1,1,1,30,30
30750,0,1,1,22,22
30764,0,1,1,22,22
30891,0,1,1,22,22
30898,1,0,0,0,0
30940,1,1,1,25,25
31007,0,1,1,417,417
31031,0,1,1,22,22
31066,0,1,1,22,22
31067,0,1,1,22,22
31075,0,1,1,2,2
31095,0,1,1,22,22
31098,1,1,1,12,12
31112,0,1,1,22,22
31128,1,1,1,122,122
31142,0,0,0,0,0
31182,1,1,1,719,719
31232,1,1,1,10,10
31267,0,1,1,25,25
31280,0,1,1,90,90
31289,1,1,1,123,123
31304,1,1,1,468,468
31307,1,0,0,0,0
31328,1,1,1,22,22
31350,0,1,1,43,43
31352,1,1,1,25,25
31373,1,1,1,24,24
31404,0,1,1,22,22
31442,1,1,1,434,434
31457,1,1,1,24,24
31533,0,1,1,24,24
31575,1,1,1,19,19
31608,1,1,1,19,19
31634,0,1,1,22,22
31669,1,1,1,23,23
31692,0,1,1,21,21
31698,0,1,1,20,20
31704,1,1,1,40,40
31706,0,1,1,21,21
31715,1,1,1,27,27
31723,0,1,1,6,6
31736,0,1,1,2,2
31738,0,0,0,0,0
31739,1,1,1,50,50
31900,0,1,1,110,110
31904,0,1,1,39,39
31910,1,1,1,97,97
31911,1,1,1,24,24
31933,0,1,1,22,22
31941,1,1,1,23,23
31957,1,1,1,43,43
31992,0,1,1,7,7
31993,0,0,0,0,0
32001,0,1,1,22,22
32066,1,1,1,45,45
32068,1,1,1,2,2
32090,0,1,1,22,22
32133,1,1,1,48,48
32153,0,1,1,22,22
32186,1,1,1,382,382
32201,1,1,1,199,199
32204,0,1,1,22,22
32208,0,1,1,22,22
32248,0,1,1,22,22
32263,0,1,1,22,22
32285,1,1,1,45,45
32297,0,1,1,25,25
32321,0,1,1,26,26
32344,1,1,1,432,432
32363,1,1,1,7,7
32397,1,1,1,43,43
32501,1,1,1,138,138
32504,1,1,1,23,23
32505,1,1,1,48,48
32512,0,1,1,22,22
32561,0,1,1,22,22
32630,1,1,1,64,64
32640,1,1,1,1002,1002
32759,1,1,1,34,34
32776,1,1,1,22,22
32794,1,1,1,82,82
32800,1,1,1,194,194
32858,0,1,1,97,97
32862,0,1,1,22,22
32903,1,1,1,45,45
32911,1,1,1,118,118
32916,0,1,1,28,28
32920,0,1,1,42,42
32952,0,1,1,27,27
33005,1,1,1,42,42
33016,1,1,1,5,5
33062,1,0,0,0,0
33124,0,1,1,22,22
33160,0,1,1,22,22
33177,0,1,1,22,22
33293,1,1,1,40,39
33315,0,1,1,22,22
33317,1,1,1,391,391
33391,1,1,1,27,27
33398,1,1,1,48,48
33413,1,1,1,7,7
33459,0,1,1,22,22
33504,1,1,1,49,49
33519,0,1,1,4,4
33528,0,1,1,22,22
33573,0,1,1,22,22
33580,0,0,0,0,0
33633,0,1,1,22,22
33671,0,1,1,22,22
33707,0,1,1,22,22
33794,0,1,1,22,22
33816,0,0,0,0,0
33843,0,1,1,22,22
33859,1,1,1,44,44
33892,0,1,1,18,18
33933,0,1,1,22,22
33957,0,1,1,21,21
33977,1,1,1,49,49
34019,1,1,1,61,61
34025,1,1,1,19,19
34051,0,1,1,22,22
34092,1,1,1,242,242
34113,0,1,1,22,22
34144,0,1,1,22,22
34163,0,1,1,22,22
34241,0,1,1,22,22
34285,1,1,1,6,6
34295,0,1,1,24,24
34299,0,1,1,22,22
34303,1,1,1,26,26
34316,1,1,1,46,46
34336,0,1,1,22,22
34372,0,1,1,22,22
34394,0,1,1,22,22
34401,1,1,1,74,74
34410,1,1,1,480,480
34413,0,1,1,22,22
34414,0,1,1,22,22
34420,1,1,1,6,6
34428,0,0,0,0,0
34441,0,1,1,22,22
34454,1,1,1,135,136
34467,1,1,1,53,53
34528,0,1,1,22,22
34567,0,1,1,25,25
34573,1,1,1,48,48
34574,0,1,1,35,35
34612,0,0,0,0,0
34636,0,1,1,22,22
34685,0,1,1,22,22
34687,1,1,1,35,35
34757,1,1,1,25,25
34779,1,1,1,7,7
34782,1,1,1,428,428
34797,0,1,1,85,85
34814,0,1,1,5,5
34821,1,1,1,704,704
34863,1,1,1,81,81
34879,0,1,1,22,22
34904,1,1,1,375,375
34930,1,1,1,197,197
35081,0,0,0,0,0
35089,1,1,1,56,56
35092,0,1,1,2,2
35115,0,1,1,8,8
35127,1,1,1,412,412
35139,0,1,1,22,22
35148,1,1,1,420,420
35161,1,1,1,80,80
35172,1,1,1,4,4
35184,1,1,1,59,59
35190,1,1,1,6,6
35210,0,1,1,22,22
35234,1,1,1,16,16
35242,1,1,1,95,95
35243,0,1,1,22,22
35244,1,1,1,25,25
35268,0,1,1,22,22
35273,1,1,1,3,3
35282,0,1,1,12,12
35283,0,1,1,22,22
35314,0,1,1,22,22
35346,0,1,1,22,22
35366,0,1,1,30,30
35370,0,1,1,22,22
35379,0,0,0,0,0
35383,0,1,1,19,19
35422,1,1,1,34,34
35440,1,1,1,38,38
35449,0,1,1,2,2
35462,0,1,1,65,65
35487,0,1,1,22,22
35511,0,1,1,22,22
35529,1,1,1,49,49
35559,1,0,0,0,0
35563,0,1,1,22,22
35587,0,1,1,22,22
35591,1,1,1,1072,1072
35602,0,1,1,22,22
35626,1,1,1,25,25
35647,0,1,1,22,22
35673,1,1,1,955,955
35675,1,1,1,184,184
35705,0,1,1,25,25
35709,1,1,1,48,48
35742,0,1,1,22,22
35748,0,1,1,23,23
35758,0,1,1,22,22
35772,0,1,1,9,9
35788,0,1,1,42,42
35798,0,1,1,22,22
35799,1,1,1,48,48
35857,1,1,1,119,119
35865,0,1,1,9,9
35879,0,1,1,22,22
35940,0,1,1,22,22
35946,1,1,1,25,25
36007,0,1,1,25,25
36016,0,1,1,22,22
36036,0,1,1,21,21
36055,1,1,1,196,196
36060,0,1,1,22,22
36067,1,1,1,51,51
36096,1,1,1,49,49
36105,0,1,1,22,22
36132,1,1,1,69,69
36192,1,1,1,6,6
36207,0,1,1,22,22
36215,1,1,1,19,19
36248,1,1,1,38,38
36293,0,1,1,8,8
36297,0,1,1,22,22
36305,1,1,1,4,4
36400,0,1,1,22,22
36419,0,1,1,22,22
36453,1,1,1,58,58
36462,1,1,1,53,53
36484,1,1,1,19,19
36535,1,1,1,40,40
36548,0,1,1,22,22
36582,1,1,1,43,43
36657,1,1,1,25,25
36665,1,1,1,25,25
36678,0,1,1,24,24
36733,0,1,1,20,20
36752,0,1,1,22,22
36753,0,1,1,22,22
36765,0,0,0,0,0
36774,1,1,1,87,87
36797,0,0,0,0,0
36852,0,1,1,56,56
36901,1,1,1,1002,1002
36934,0,1,1,22,22
36940,0,1,1,22,22
36945,0,1,1,22,22
36971,1,1,1,6,6
37024,1,1,1,23,23
37030,0,1,1,6,6
37121,0,1,1,22,22
37136,1,1,1,106,106
37186,0,1,1,22,22
37214,0,1,1,22,22
37236,1,1,1,62,62
37242,1,1,1,46,46
37256,1,1,1,49,49
37303,1,1,1,19,19
37325,0,1,1,22,22
37345,0,1,1,22,22
37379,0,1,1,22,22
37400,1,0,0,0,0
37401,1,1,1,46,46
37408,1,1,1,91,91
37470,1,1,1,75,75
37481,0,1,1,85,85
37544,1,1,1,93,93
37547,1,1,1,239,239
37561,0,1,1,43,43
37562,1,1,1,90,90
37588,1,1,1,3,3
37605,1,1,1,46,46
37616,0,1,1,7,7
37645,0,1,1,3,3
37666,1,1,1,873,873
37689,1,1,1,63,63
37705,1,1,1,8,8
37717,1,1,1,3,3
37732,1,1,1,12,12
37791,0,0,0,0,0
37816,0,1,1,22,22
37850,0,1,1,22,22
37875,1,1,1,48,48
37881,0,1,1,22,22
37977,1,1,1,10,10
37983,0,1,1,22,22
37990,0,1,1,24,24
37993,1,1,1,8,8
38039,0,1,1,21,21
38099,1,1,1,58,58
38102,0,1,1,22,22
38117,1,1,1,236,236
38156,1,1,1,28,28
38168,0,1,1,22,22
38170,0,1,1,22,22
38180,0,1,1,392,392
38193,1,1,1,48,48
38216,1,1,1,24,24
38222,0,1,1,22,22
38234,1,1,1,22,22
38253,0,1,1,22,22
38279,0,1,1,5,5
38290,1,1,1,60,60
38345,0,1,1,27,27
38375,1,1,1,25,25
38430,1,1,1,696,696
38449,0,1,1,22,22
38453,0,1,1,22,22
38469,0,1,1,28,28
38512,0,1,1,22,22
38573,1,1,1,1158,1158
38582,0,1,1,848,848
38598,0,1,1,22,22
38600,0,1,1,22,22
38643,0,1,1,35,35
38649,1,1,1,804,804
38654,0,1,1,5,5
38719,0,0,0,0,0
38786,1,1,1,60,60
38801,0,1,1,22,22
38821,0,1,1,22,22
38829,0,1,1,25,25
38844,1,1,1,48,48
38862,0,1,1,22,22
38866,0,1,1,634,634
38910,1,1,1,42,42
38933,0,0,0,0,0
38961,1,1,1,1002,1001
38962,1,1,1,29,29
39008,0,1,1,22,22
39046,0,1,1,22,22
39050,1,1,1,61,61
39059,0,1,1,22,22
39081,0,1,1,22,22
39102,0,1,1,43,43
39144,0,1,1,22,22
39154,1,1,1,48,48
39183,1,1,1,21,21
39205,1,1,1,23,23
39207,0,0,0,0,0
39212,0,1,1,22,22
39217,1,1,1,75,75
39264,1,1,1,27,27
39313,1,1,1,24,24
39354,0,1,1,22,22
39362,1,1,1,620,620
39406,0,1,1,22,22
39413,0,1,1,21,21
39440,1,1,1,326,326
39453,1,0,0,0,0
39467,0,1,1,22,22
39468,1,1,1,27,27
39496,0,1,1,2,2
39510,1,1,1,62,62
39515,0,1,1,2,2
39565,1,1,1,223,223
39575,1,1,1,376,376
39619,0,1,1,22,22
39636,1,1,1,9,9
39652,1,1,1,25,24
39657,0,1,1,22,22
39671,0,1,1,21,21
39687,0,1,1,22,22
39710,1,1,1,546,546
39719,0,1,1,22,22
39800,0,1,1,22,22
39870,1,1,1,234,234
39899,0,1,1,22,22
39970,0,1,1,22,22
40084,1,1,1,19,19
40114,0,1,1,22,22
40168,0,1,1,22,22
40191,0,1,1,22,22
40204,1,0,0,0,0
40274,0,1,1,30,30
40356,0,1,1,22,22
40377,0,1,1,22,22
40397,0,1,1,26,26
40521,0,1,1,22,22
40525,0,1,1,9,9
40542,1,1,1,78,78
40544,0,0,0,0,0
40550,0,1,1,22,22
40554,1,1,1,77,77
40570,1,1,1,804,804
40585,1,1,1,1,1
40617,1,1,1,19,19
40627,0,1,1,23,23
40654,1,1,1,46,46
40671,1,1,1,25,25
40677,0,1,1,22,22
40725,0,1,1,22,22
40790,1,1,1,26,26
40820,1,1,1,28,28
40870,1,0,0,0,0
40877,1,1,1,95,95
40889,0,1,1,90,90
40920,0,0,0,0,0
40932,0,1,1,22,22
40949,0,1,1,22,22
40963,0,1,1,22,22
40976,0,1,1,22,22
41018,0,1,1,49,49
41045,1,1,1,25,25
41073,1,1,1,47,47
41075,0,1,1,9,9
41113,1,1,1,125,125
41184,0,1,1,22,22
41226,1,1,1,66,66
41272,0,1,1,23,23
41295,1,1,1,53,53
41337,0,1,1,2,2
41367,1,1,1,1126,1126
41403,0,1,1,22,22
41416,1,1,1,43,43
41428,0,1,1,22,22
41467,1,1,1,22,22
41472,1,1,1,20,20
41501,0,1,1,4,4
41550,1,1,1,18,18
41553,0,1,1,28,28
41555,1,1,1,2,2
41573,0,1,1,22,22
41581,0,1,1,82,82
41661,1,0,0,0,0
41825,0,1,1,22,22
41838,0,1,1,22,22
41916,0,1,1,22,22
41920,0,1,1,341,341
41924,1,1,1,27,27
41953,0,1,1,22,22
41955,0,1,1,22,22
41958,1,1,1,15,15
41964,0,1,1,22,22
42045,0,1,1,22,22
42092,0,1,1,62,62
42107,0,1,1,49,49
42134,1,1,1,47,47
42138,0,1,1,8,8
42205,0,0,0,0,0
42234,0,1,1,22,22
42291,1,1,1,2,2
42323,0,1,1,22,22
42335,0,1,1,6,6
42350,1,1,1,780,780
42355,1,1,1,31,31
42362,0,1,1,22,22
42432,0,1,1,59,59
42458,0,1,1,22,22
42461,1,1,1,104,104
42491,0,1,1,22,22
42528,0,1,1,22,22
42544,1,1,1,6,6
42567,1,1,1,35,35
42621,1,1,1,138,138
42643,0,1,1,9,9
42644,0,1,1,22,22
42656,1,1,1,25,25
42708,1,1,1,59,59
42726,0,1,1,22,22
42727,0,1,1,22,22
42747,0,1,1,22,22
42767,0,1,1,5,5
42772,0,1,1,42,42
42775,0,1,1,22,22
42794,0,1,1,22,22
42806,0,1,1,894,894
42855,0,1,1,22,22
42915,1,1,1,36,36
42969,0,1,1,25,25
42974,0,1,1,27,27
42980,1,1,1,29,29
42989,1,1,1,4,4
43020,0,1,1,8,8
43117,1,1,1,45,45
43123,0,1,1,22,22
43160,0,1,1,22,22
43182,1,1,1,47,47
43184,1,1,1,47,47
43187,1,1,1,24,24
43215,0,1,1,22,22
43235,0,1,1,22,22
43290,0,1,1,22,22
43292,0,1,1,48,48
43293,0,1,1,22,22
43315,0,1,1,25,25
43317,1,1,1,559,559
43342,0,1,1,22,22
43381,1,1,1,216,216
43389,0,1,1,22,22
43393,0,1,1,22,22
43464,0,1,1,59,59
43482,0,1,1,7,7
43508,0,1,1,6,6
43512,0,1,1,22,22
43587,0,1,1,22,22
43609,1,1,1,25,25
43643,0,1,1,2,2
43664,0,1,1,22,22
43669,1,1,1,98,98
43699,0,1,1,25,25
43738,1,1,1,1,1
43741,0,0,0,0,0
43745,1,1,1,26,26
43771,0,1,1,167,167
43816,0,1,1,23,23
43836,1,1,1,64,64
43857,1,1,1,721,721
43871,1,1,1,10,10
43912,1,1,1,7,7
43985,0,1,1,22,22
44004,1,1,1,25,25
44037,1,1,1,1,1
44039,0,1,1,27,27
44047,0,1,1,29,29
44059,0,1,1,41,41
44078,0,1,1,22,22
44117,0,1,1,22,22
44121,1,1,1,29,29
44125,1,1,1,48,48
44197,0,1,1,32,32
44204,1,1,1,200,200
44215,0,1,1,22,22
44224,0,1,1,22,22
44291,1,1,1,42,42
44311,0,1,1,22,22
44324,0,1,1,22,22
44348,0,1,1,22,22
44397,1,1,1,48,48
44418,1,1,1,105,105
44423,0,1,1,241,241
44550,0,1,1,22,22
44646,0,1,1,174,174
44692,0,1,1,22,22
44750,1,1,1,1002,1002
44761,0,1,1,406,406
44762,0,1,1,22,22
44786,0,1,1,22,22
44803,0,1,1,22,22
44837,1,1,1,48,48
44894,0,1,1,4,4
44942,0,1,1,22,22
44946,1,1,1,78,78
44955,1,1,1,455,455
44969,1,1,1,59,59
44972,0,1,1,18,18
44988,0,1,1,22,22
44998,0,1,1,884,884
45024,1,1,1,114,114
45036,0,1,1,22,22
45062,1,1,1,64,64
45063,1,1,1,1001,1001
45068,0,1,1,88,88
45069,0,1,1,22,22
45078,0,0,0,0,0
45084,0,1,1,22,22
45117,0,1,1,25,25
45138,0,1,1,22,22
45174,0,1,1,22,22
45182,0,1,1,22,22
45218,0,1,1,22,22
45242,1,1,1,60,60
45262,1,1,1,58,58
45334,0,0,0,0,0
45353,1,0,0,0,0
45362,1,1,1,16,16
45388,1,1,1,47,47
45414,0,1,1,22,22
45455,0,1,1,22,22
45457,1,1,1,41,41
45506,0,1,1,22,22
45507,1,1,1,301,301
45559,1,1,1,1160,1160
45584,0,1,1,22,22
45597,1,1,1,25,25
45608,0,1,1,63,63
45635,1,1,1,39,39
45641,1,1,1,4,4
45671,1,1,1,234,234
45681,0,1,1,22,22
45685,1,1,1,1002,1001
45693,1,1,1,8,8
45718,1,1,1,25,25
45778,0,1,1,21,21
45780,1,1,1,50,50
45792,1,1,1,700,700
45794,1,1,1,25,25
45810,1,0,0,0,0
45822,1,1,1,36,36
45844,0,1,1,22,22
45852,0,1,1,22,22
45893,0,1,1,22,22
45924,0,1,1,43,43
45949,1,1,1,232,232
45965,1,1,1,90,90
45973,0,1,1,28,28
46006,0,0,0,0,0
46011,0,1,1,22,22
46023,1,1,1,60,60
46026,1,1,1,49,49
46097,1,1,1,393,393
46170,0,1,1,27,27
46182,1,1,1,231,231
46205,0,1,1,22,22
46233,0,1,1,57,57
46252,1,0,0,0,0
46266,0,1,1,22,22
46272,0,1,1,23,23
46337,1,1,1,43,43
46357,0,1,1,24,24
46363,0,1,1,544,544
46495,0,1,1,22,22
46500,1,1,1,9,9
46525,0,1,1,4,4
46539,0,1,1,48,48
46570,1,1,1,261,261
46613,1,1,1,6,6
46659,1,1,1,19,19
46716,0,1,1,29,29
46720,0,1,1,22,22
46746,1,1,1,24,24
46761,0,1,1,22,22
46768,0,1,1,22,22
46801,0,1,1,22,22
46811,0,1,1,22,22
46816,1,1,1,727,727
46884,0,1,1,31,31
46919,0,1,1,4,4
46979,0,1,1,22,22
47088,0,1,1,22,22
47089,0,1,1,22,22
47090,1,1,1,43,43
47141,1,1,1,631,631
47181,1,1,1,915,915
47220,1,1,1,41,41
47234,0,1,1,35,35
47255,0,0,0,0,0
47277,1,1,1,8,8
47291,1,1,1,18,18
47375,1,1,1,6,6
47439,0,0,0,0,0
47440,1,1,1,22,22
47460,0,1,1,22,22
47473,0,1,1,22,22
47482,0,1,1,26,26
47500,1,1,1,7,7
47502,1,1,1,740,740
47527,0,1,1,22,22
47567,0,1,1,22,22
47576,1,1,1,52,52
47588,0,1,1,22,22
47589,0,1,1,22,22
47616,0,1,1,167,167
47674,0,1,1,22,22
47683,1,1,1,94,94
47708,1,1,1,481,481
47712,0,1,1,32,32
47717,1,1,1,54,54
47743,1,1,1,49,49
47785,0,1,1,22,22
47819,0,1,1,22,22
47860,0,1,1,22,22
47872,0,0,0,0,0
47893,0,1,1,27,27
47906,0,1,1,22,22
47916,0,1,1,21,21
47921,1,1,1,39,39
47939,0,1,1,2,2
47953,0,1,1,26,26
47970,0,1,1,22,22
47987,0,1,1,22,22
48065,1,1,1,24,24
48146,0,1,1,3,3
48187,0,1,1,22,22
48197,0,1,1,26,26
48198,1,1,1,118,118
48211,1,1,1,47,47
48227,0,1,1,22,22
48230,0,1,1,22,22
48236,1,1,1,733,733
48238,0,1,1,54,54
48264,1,1,1,76,76
48285,1,1,1,23,23
48352,1,1,1,50,50
48358,0,1,1,6,6
48393,0,1,1,4,4
48422,1,1,1,1002,1002
48442,0,1,1,22,22
48462,0,1,1,22,22
48473,0,1,1,109,109
48502,0,1,1,22,22
48509,0,1,1,22,22
48568,0,1,1,25,25
48646,0,1,1,85,85
48647,1,1,1,2,2
48648,0,1,1,22,22
48696,0,1,1,60,60
48853,1,1,1,72,72
48918,0,1,1,22,22
48962,1,1,1,25,25
48987,1,1,1,48,48
48997,0,1,1,22,22
49023,0,1,1,22,22
49044,1,1,1,27,27
49056,0,0,0,0,0
49060,0,1,1,22,22
49130,1,1,1,2,2
49137,0,1,1,22,22
49142,1,1,1,86,86
49146,0,1,1,22,22
49204,0,1,1,40,40
49205,0,1,1,196,196
49212,0,1,1,22,22
49220,0,1,1,22,22
49258,0,1,1,22,22
49327,1,1,1,25,25
49332,0,1,1,22,22
49387,0,1,1,22,22
49415,0,1,1,22,22
49519,1,1,1,238,238
49525,1,1,1,68,68
49533,1,1,1,41,40
49535,0,1,1,22,22
49536,0,1,1,22,22
49555,1,1,1,60,60
49557,1,1,1,77,77
49579,1,1,1,848,848
49626,0,1,1,63,63
49632,0,1,1,22,22
49666,1,1,1,85,85
49769,1,1,1,51,51
49839,1,1,1,58,58
49879,0,1,1,42,42
49902,0,1,1,22,22
49912,0,1,1,22,22
49955,0,1,1,162,162
49963,0,1,1,22,22
49968,1,1,1,9,9
50012,0,1,1,22,22
50013,0,1,1,22,22
50066,1,1,1,76,76
50076,0,0,0,0,0
50125,0,0,0,0,0
50143,0,1,1,22,22
50180,0,0,0,0,0
50183,1,1,1,99,99
50229,1,1,1,368,368
50243,0,1,1,42,42
50262,0,1,1,22,22
50316,1,0,0,0,0
50351,1,1,1,64,64
50387,0,1,1,22,22
50397,0,1,1,26,26
50398,0,1,1,22,22
50501,1,1,1,130,130
50541,1,1,1,27,27
50556,0,0,0,0,0
50581,0,1,1,22,22
50611,1,1,1,22,22
50700,1,1,1,2,2
50702,1,1,1,4,4
50713,1,1,1,32,31
50724,1,1,1,23,23
50730,0,1,1,22,22
50741,0,1,1,9,9
50769,0,1,1,442,442
50772,0,1,1,22,22
50816,1,1,1,410,410
50848,0,1,1,22,22
50854,1,1,1,55,55
50874,0,1,1,22,22
50881,1,1,1,1158,1158
50883,0,0,0,0,0
50893,1,1,1,2,2
50913,1,1,1,786,786
50946,1,1,1,94,94
50950,0,1,1,22,22
50962,1,1,1,1002,1002
50970,0,1,1,23,23
51101,1,1,1,25,25
51142,1,1,1,7,7
51145,0,1,1,22,22
51158,1,1,1,31,31
51172,1,1,1,835,835
51236,0,1,1,21,21
51294,0,1,1,22,22
51371,0,1,1,27,27
51458,1,1,1,194,194
51516,0,1,1,22,22
51541,0,1,1,9,9
51554,0,1,1,22,22
51566,0,1,1,2,2
51582,0,1,1,22,22
51608,0,1,1,22,22
51609,0,0,0,0,0
51614,0,1,1,22,22
51617,0,1,1,22,22
51630,1,1,1,54,55
51643,1,1,1,414,414
51669,1,1,1,25,25
51683,1,1,1,409,409
51694,1,1,1,44,44
51824,1,1,1,373,373
51900,1,1,1,45,45
51921,1,1,1,1002,1002
51968,1,1,1,24,24
51969,0,1,1,22,22
52090,1,1,1,50,50
52135,1,1,1,36,36
52147,0,1,1,18,18
52181,0,1,1,18,18
52198,0,1,1,37,37
52221,0,0,0,0,0
52233,0,1,1,22,22
52273,0,1,1,22,22
52287,0,1,1,22,22
52292,0,1,1,4,4
52311,1,1,1,81,81
52332,1,1,1,48,48
52352,1,1,1,54,54
52364,0,1,1,22,22
52409,1,1,1,48,48
52410,0,1,1,22,22
52474,1,1,1,26,26
52480,0,1,1,22,22
52522,1,1,1,404,404
52537,0,1,1,22,22
52567,1,1,1,40,40
52587,0,1,1,174,174
52611,1,1,1,126,126
52622,0,1,1,22,22
52628,0,1,1,22,22
52638,0,1,1,2,2
52731,1,0,0,0,0
52767,0,1,1,22,22
52791,0,1,1,66,66
52852,1,1,1,44,44
52870,0,1,1,3,3
52877,0,1,1,22,22
52884,0,1,1,22,22
52923,1,1,1,1,1
52924,1,1,1,18,18
52967,1,1,1,48,48
52986,1,1,1,355,355
53007,0,1,1,22,22
53014,1,1,1,48,48
53018,1,1,1,26,26
53034,1,1,1,90,90
53047,0,1,1,22,22
53054,0,1,1,22,22
53062,1,1,1,64,64
53065,0,1,1,22,22
53110,1,1,1,793,793
53126,1,1,1,59,59
53170,0,1,1,23,23
53224,1,1,1,36,36
53243,1,1,1,36,36
53284,1,1,1,48,48
53338,0,0,0,0,0
53388,1,1,1,47,47
53491,1,1,1,21,21
53571,0,1,1,40,40
53581,0,1,1,22,22
53627,0,1,1,20,20
53699,0,1,1,4,4
53700,1,0,0,0,0
53710,0,1,1,22,22
53724,0,1,1,23,23
53761,1,1,1,83,83
53775,0,1,1,22,22
53784,1,1,1,25,25
53795,0,1,1,22,22
53810,1,1,1,22,22
53823,0,1,1,21,21
53860,1,1,1,35,35
53903,0,1,1,22,22
53963,0,1,1,22,22
53968,0,1,1,59,59
53972,1,1,1,8,8
53976,0,1,1,16,16
54049,1,1,1,2,2
54055,1,1,1,7,7
54061,0,1,1,20,20
54085,0,1,1,9,9
54097,0,1,1,22,22
54228,1,1,1,9,9
54251,0,1,1,18,18
54253,1,1,1,25,25
54275,0,1,1,22,22
54282,0,1,1,22,22
54299,0,1,1,22,22
54323,1,1,1,25,25
54338,0,1,1,4,4
54344,0,0,0,0,0
54392,1,1,1,49,49
54443,0,1,1,22,22
54448,0,1,1,22,22
54513,1,1,1,370,370
54540,1,1,1,64,64
54553,0,1,1,35,35
54565,1,1,1,72,72
54621,1,1,1,36,36
54641,0,1,1,86,86
54642,1,1,1,59,59
54651,0,0,0,0,0
54697,0,1,1,8,8
54699,1,1,1,48,48
54701,0,1,1,22,22
54705,0,1,1,22,22
54749,0,1,1,22,22
54761,1,1,1,845,845
54762,1,1,1,49,49
54800,0,1,1,22,22
54820,1,1,1,213,213
54828,1,1,1,60,60
54832,1,1,1,25,25
54869,0,1,1,22,22
54934,1,1,1,43,43
54939,0,1,1,22,22
54945,1,1,1,140,140
54956,0,1,1,22,22
54966,1,0,0,0,0
54971,0,1,1,27,27
55015,0,1,1,20,20
55027,0,1,1,22,22
55039,1,1,1,52,52
55040,0,1,1,22,22
55050,1,1,1,37,37
55092,1,1,1,43,43
55140,1,1,1,25,25
55187,0,1,1,22,22
55222,0,1,1,25,25
55262,1,1,1,27,27
55266,0,1,1,23,23
55270,0,1,1,846,846
55280,0,1,1,22,22
55305,0,0,0,0,0
55306,0,1,1,22,22
55326,0,1,1,23,23
55327,1,1,1,4,4
55346,0,1,1,6,6
55360,1,1,1,36,36
55370,0,1,1,169,169
55375,1,1,1,48,48
55429,1,1,1,197,197
55444,0,1,1,118,118
55445,1,1,1,697,697
55449,0,1,1,2,2
55480,1,1,1,65,65
55506,1,1,1,187,187
55522,1,1,1,526,526
55534,0,1,1,22,22
55560,0,1,1,22,22
55587,0,1,1,39,39
55647,1,1,1,30,30
55665,0,1,1,21,21
55681,0,0,0,0,0
55731,1,1,1,7,7
55802,1,1,1,85,85
55808,1,1,1,67,67
55867,0,1,1,20,20
55882,0,1,1,5,5
55886,1,1,1,85,85
55896,1,1,1,87,87
55897,1,0,0,0,0
55924,0,1,1,22,22
55932,1,1,1,30,30
55998,1,1,1,48,48
56000,1,1,1,80,80
56011,0,1,1,22,22
56015,0,1,1,21,21
56049,0,1,1,22,22
56054,0,0,0,0,0
56079,0,1,1,9,9
56089,1,1,1,82,82
56101,1,1,1,19,19
56159,1,1,1,31,31
56178,0,1,1,22,22
56193,1,1,1,1001,1001
56201,0,1,1,57,57
56215,1,1,1,36,36
56218,1,1,1,10,10
56221,0,1,1,22,22
56236,0,1,1,60,60
56251,0,1,1,22,22
56303,1,1,1,36,36
56325,1,1,1,1074,1074
56330,1,1,1,56,56
56333,0,1,1,22,22
56345,0,1,1,9,9
56361,0,1,1,36,36
56380,1,1,1,431,431
56381,1,0,0,0,0
56386,0,1,1,22,22
56392,1,1,1,62,62
56402,0,1,1,22,22
56420,0,1,1,7,7
56422,1,1,1,46,46
56479,1,1,1,37,37
56505,1,1,1,10,10
56511,1,1,1,78,78
56564,0,1,1,22,22
56626,0,1,1,22,22
56631,1,1,1,43,43
56646,1,1,1,36,36
56699,0,1,1,2,2
56702,0,1,1,22,22
56705,1,1,1,258,258
56711,1,1,1,47,47
56742,0,1,1,84,84
56750,1,0,0,0,0
56755,0,0,0,0,0
56762,0,1,1,22,22
56778,0,1,1,58,58
56848,1,1,1,30,30
56873,0,1,1,22,22
56901,0,1,1,22,22
56924,0,1,1,3,3
56925,0,1,1,36,36
56927,0,1,1,22,22
56962,1,1,1,24,24
56972,1,1,1,6,6
56981,0,1,1,22,22
56988,1,1,1,454,454
57046,1,1,1,37,37
57071,1,1,1,23,23
