sample,label,n_windows_before,n_windows_after,mal_windows_before,mal_windows_after,flipped_1_to_0
26,1,61,61,0,0,0
90,1,61,61,0,0,0
168,1,61,61,0,0,0
202,1,61,61,0,0,0
268,1,61,61,0,0,0
321,1,61,61,0,0,0
325,1,61,61,0,0,0
444,1,61,61,0,0,0
460,0,61,61,0,0,0
472,1,61,61,0,0,0
489,1,61,61,0,0,0
526,1,61,61,0,0,0
543,1,61,61,0,0,0
578,1,61,61,0,0,0
588,1,61,61,0,0,0
649,1,61,61,0,0,0
716,1,61,61,0,0,0
722,1,61,61,0,0,0
736,1,61,61,0,0,0
742,0,61,61,0,0,0
752,1,61,61,0,0,0
798,1,61,61,0,0,0
807,1,61,61,0,0,0
825,1,61,61,0,0,0
854,1,61,61,0,0,0
915,1,61,61,0,0,0
916,0,61,61,0,0,0
999,1,61,61,0,0,0
1058,1,61,61,0,0,0
1102,0,61,61,0,0,0
1103,1,61,61,0,0,0
1136,1,61,61,0,0,0
1222,1,61,61,0,0,0
1259,1,61,61,0,0,0
1291,0,61,61,0,0,0
1433,0,61,61,0,0,0
1447,1,61,61,0,0,0
1457,0,61,61,0,0,0
1521,1,61,61,0,0,0
1620,0,61,61,0,0,0
1621,0,61,61,0,0,0
1654,1,61,61,0,0,0
1740,1,61,61,0,0,0
1745,1,61,61,0,0,0
1801,1,61,61,0,0,0
1815,1,61,61,0,0,0
1881,1,61,61,0,0,0
1890,1,61,61,0,0,0
1926,1,61,61,0,0,0
2013,1,61,61,0,0,0
2072,1,61,61,0,0,0
2151,1,61,61,0,0,0
2164,0,61,61,0,0,0
2193,0,61,61,0,0,0
2236,1,61,61,0,0,0
2245,1,61,61,0,0,0
2274,1,61,61,0,0,0
2285,1,61,61,0,0,0
2308,1,61,61,0,0,0
2334,1,61,61,0,0,0
2362,0,61,61,0,0,0
2452,1,61,61,0,0,0
2700,1,61,61,0,0,0
2792,1,61,61,0,0,0
2835,1,61,61,0,0,0
2850,1,61,61,0,0,0
2851,0,61,61,0,0,0
2871,1,61,61,0,0,0
2902,1,61,61,0,0,0
2943,1,61,61,0,0,0
2956,0,61,61,0,0,0
3005,1,61,61,0,0,0
3149,1,61,61,0,0,0
3161,1,61,61,0,0,0
3191,1,61,61,0,0,0
3193,1,61,61,0,0,0
3241,1,61,61,0,0,0
3242,1,61,61,0,0,0
3272,1,61,61,0,0,0
3284,1,61,61,0,0,0
3330,1,61,61,0,0,0
3397,1,61,61,0,0,0
3424,1,61,61,0,0,0
3461,1,61,61,0,0,0
3472,1,61,61,0,0,0
3484,1,61,61,0,0,0
3518,1,61,61,0,0,0
3526,1,61,61,0,0,0
3540,1,61,61,0,0,0
3555,1,61,61,0,0,0
3583,1,61,61,0,0,0
3599,0,61,61,0,0,0
3603,1,61,61,0,0,0
3641,1,61,61,0,0,0
3664,1,61,61,0,0,0
3681,1,61,61,0,0,0
3707,1,61,61,0,0,0
3740,1,61,61,0,0,0
3813,1,61,61,0,0,0
3815,1,61,61,0,0,0
3955,0,61,61,0,0,0
3958,1,61,61,0,0,0
4008,1,61,61,0,0,0
4103,1,61,61,0,0,0
4108,1,61,61,0,0,0
4173,1,61,61,0,0,0
4217,0,61,61,0,0,0
4227,1,61,61,0,0,0
4259,1,61,61,0,0,0
4292,0,61,61,0,0,0
4297,1,61,61,0,0,0
4347,1,61,61,0,0,0
4417,1,61,61,0,0,0
4422,1,61,61,0,0,0
4485,0,61,61,0,0,0
4543,1,61,61,0,0,0
4616,1,61,61,0,0,0
4634,1,61,61,0,0,0
4653,0,61,61,0,0,0
4679,1,61,61,0,0,0
4717,1,61,61,0,0,0
4801,1,61,61,0,0,0
4820,1,61,61,0,0,0
4837,1,61,61,0,0,0
4842,1,61,61,0,0,0
4905,0,61,61,0,0,0
4908,1,61,61,0,0,0
4917,0,61,61,0,0,0
4936,1,61,61,0,0,0
5018,1,61,61,0,0,0
5142,1,61,61,0,0,0
5170,1,61,61,0,0,0
5174,1,61,61,0,0,0
5223,1,61,61,0,0,0
5247,0,61,61,0,0,0
5267,1,61,61,0,0,0
5312,1,61,61,0,0,0
5325,1,61,61,0,0,0
5334,1,61,61,0,0,0
5370,1,61,61,0,0,0
5386,1,61,61,0,0,0
5413,0,61,61,0,0,0
5440,1,61,61,0,0,0
5525,1,61,61,0,0,0
5530,0,61,61,0,0,0
5560,1,61,61,0,0,0
5574,0,61,61,0,0,0
5657,1,61,61,0,0,0
5662,1,61,61,0,0,0
5715,1,61,61,0,0,0
5753,1,61,61,0,0,0
5772,1,61,61,0,0,0
5774,1,61,61,0,0,0
5833,0,61,61,0,0,0
5841,0,61,61,0,0,0
5844,1,61,61,0,0,0
5885,1,61,61,0,0,0
5915,1,61,61,0,0,0
5991,1,61,61,0,0,0
5998,0,61,61,0,0,0
6005,1,61,61,0,0,0
6058,1,61,61,0,0,0
6182,1,61,61,0,0,0
6240,1,61,61,0,0,0
6248,0,61,61,0,0,0
6251,1,61,61,0,0,0
6261,0,61,61,0,0,0
6277,1,61,61,0,0,0
6294,1,61,61,0,0,0
6310,1,61,61,0,0,0
6344,1,61,61,0,0,0
6388,1,61,61,0,0,0
6456,0,61,61,0,0,0
6476,1,61,61,0,0,0
6597,1,61,61,0,0,0
6670,0,61,61,0,0,0
6752,1,61,61,0,0,0
6763,1,61,61,0,0,0
6775,0,61,61,0,0,0
6781,1,61,61,0,0,0
6809,1,61,61,0,0,0
6825,1,61,61,0,0,0
6837,1,61,61,0,0,0
6864,0,61,61,0,0,0
6982,1,61,61,0,0,0
7048,1,61,61,0,0,0
7066,1,61,61,20,17,3
7220,1,61,61,0,0,0
7248,1,61,61,0,0,0
7249,0,61,61,0,0,0
7308,1,61,61,0,0,0
7473,1,61,61,0,0,0
7524,1,61,61,0,0,0
7540,0,61,61,0,0,0
7591,0,61,61,0,0,0
7608,1,61,61,0,0,0
7651,1,61,61,0,0,0
7813,1,61,61,0,0,0
7863,1,61,61,0,0,0
7877,1,61,61,0,0,0
7959,1,61,61,0,0,0
7993,1,61,61,0,0,0
8053,1,61,61,0,0,0
8139,1,61,61,0,0,0
8142,1,61,61,0,0,0
8152,0,61,61,0,0,0
8173,1,61,61,61,58,3
8186,1,61,61,0,0,0
8264,1,61,61,0,0,0
8355,0,61,61,0,0,0
8440,1,61,61,0,0,0
8458,0,61,61,0,0,0
8486,1,61,61,0,0,0
8535,0,61,61,0,0,0
8538,1,61,61,0,0,0
8554,1,61,61,0,0,0
8578,1,61,61,0,0,0
8651,1,61,61,0,0,0
8665,1,61,61,0,0,0
8686,1,61,61,0,0,0
8700,1,61,61,0,0,0
8816,1,61,61,0,0,0
8838,1,61,61,0,0,0
8850,1,61,61,0,0,0
8861,1,61,61,0,0,0
8958,1,61,61,0,0,0
8966,1,61,61,0,0,0
8970,1,61,61,0,0,0
9033,1,61,61,0,0,0
9114,0,61,61,0,0,0
9142,1,61,61,0,0,0
9176,1,61,61,0,0,0
9225,1,61,61,0,0,0
9235,1,61,61,0,0,0
9250,1,61,61,0,0,0
9331,1,61,61,0,0,0
9339,1,61,61,0,0,0
9353,1,61,61,0,0,0
9394,1,61,61,0,0,0
9429,1,61,61,0,0,0
9502,0,61,61,0,0,0
9532,0,61,61,0,0,0
9571,1,61,61,0,0,0
9609,1,61,61,0,0,0
9621,1,61,61,0,0,0
9646,1,61,61,0,0,0
9680,1,61,61,0,0,0
9699,1,61,61,0,0,0
9715,0,61,61,0,0,0
9738,0,61,61,0,0,0
9758,0,61,61,0,0,0
9814,1,61,61,0,0,0
9837,1,61,61,0,0,0
9916,1,61,61,0,0,0
9979,1,61,61,0,0,0
10026,1,61,61,0,0,0
10033,1,61,61,0,0,0
10044,0,61,61,0,0,0
10045,1,61,61,43,43,0
10080,1,61,61,0,0,0
10082,1,61,61,0,0,0
10104,0,61,61,0,0,0
10107,1,61,61,0,0,0
10130,1,61,61,0,0,0
10133,1,61,61,0,0,0
10137,1,61,61,0,0,0
10140,1,61,61,0,0,0
10142,0,61,61,0,0,0
10232,1,61,61,0,0,0
10258,1,61,61,0,0,0
10260,1,61,61,0,0,0
10342,1,61,61,61,60,1
10395,1,61,61,0,0,0
10458,1,61,61,0,0,0
10493,1,61,61,0,0,0
10559,1,61,61,0,0,0
10589,1,61,61,0,0,0
10648,1,61,61,0,0,0
10670,1,61,61,0,0,0
10673,0,61,61,0,0,0
10729,1,61,61,0,0,0
10736,0,61,61,0,0,0
10776,1,61,61,0,0,0
10777,1,61,61,0,0,0
10807,1,61,61,0,0,0
10810,0,61,61,0,0,0
10836,1,61,61,0,0,0
10854,0,61,61,0,0,0
10958,1,61,61,0,0,0
11013,1,61,61,0,0,0
11047,1,61,61,0,0,0
11128,1,61,61,0,0,0
11133,1,61,61,0,0,0
11162,1,61,61,0,0,0
11252,0,61,61,0,0,0
11277,1,61,61,0,0,0
11287,1,61,61,0,0,0
11307,1,61,61,0,0,0
11324,0,61,61,0,0,0
11333,1,61,61,0,0,0
11341,1,61,61,0,0,0
11351,1,61,61,0,0,0
11362,1,61,61,0,0,0
11364,1,61,61,0,0,0
11419,1,61,61,0,0,0
11478,0,61,61,0,0,0
11496,0,61,61,0,0,0
11527,1,61,61,0,0,0
11565,1,61,61,0,0,0
11640,0,61,61,0,0,0
11663,0,61,61,0,0,0
11682,1,61,61,0,0,0
11685,0,61,61,0,0,0
11692,1,61,61,0,0,0
11850,1,61,61,0,0,0
11856,1,61,61,0,0,0
11915,0,61,61,0,0,0
11922,0,61,61,0,0,0
11954,0,61,61,0,0,0
11955,1,61,61,0,0,0
11957,0,61,61,0,0,0
11958,1,61,61,0,0,0
11972,1,61,61,0,0,0
11977,0,61,61,0,0,0
12047,0,61,61,0,0,0
12072,1,61,61,0,0,0
12093,0,61,61,0,0,0
12119,0,61,61,0,0,0
12204,0,61,61,0,0,0
12259,0,61,61,0,0,0
12260,0,61,61,0,0,0
12319,0,61,61,0,0,0
12361,1,61,61,0,0,0
12385,1,61,61,0,0,0
12411,0,61,61,0,0,0
12470,1,61,61,0,0,0
12477,1,61,61,0,0,0
12494,0,61,61,0,0,0
12515,0,61,61,0,0,0
12584,0,61,61,0,0,0
12629,1,61,61,0,0,0
12632,0,61,61,0,0,0
12723,0,61,61,0,0,0
12745,0,61,61,0,0,0
12749,0,61,61,0,0,0
12773,0,61,61,0,0,0
12789,0,61,61,0,0,0
12815,0,61,61,0,0,0
12840,0,61,61,0,0,0
12916,1,61,61,0,0,0
12959,0,61,61,0,0,0
12971,1,61,61,0,0,0
12991,1,61,61,0,0,0
13011,1,61,61,0,0,0
13016,1,61,61,0,0,0
13028,0,61,61,0,0,0
13041,0,61,61,0,0,0
13052,0,61,61,0,0,0
13081,1,61,61,0,0,0
13083,0,61,61,0,0,0
13094,1,61,61,0,0,0
13124,1,61,61,0,0,0
13140,1,61,61,0,0,0
13154,1,61,61,0,0,0
13162,1,61,61,0,0,0
13191,1,61,61,0,0,0
13247,0,61,61,0,0,0
13308,0,61,61,0,0,0
13335,0,61,61,0,0,0
13392,0,61,61,0,0,0
13432,0,61,61,0,0,0
13447,0,61,61,0,0,0
13504,1,61,61,0,0,0
13517,0,61,61,0,0,0
13586,1,61,61,0,0,0
13592,0,61,61,0,0,0
13596,1,61,61,0,0,0
13608,0,61,61,0,0,0
13649,0,61,61,0,0,0
13651,0,61,61,0,0,0
13657,0,61,61,0,0,0
13661,0,61,61,0,0,0
13666,0,61,61,0,0,0
13709,0,61,61,0,0,0
13715,1,61,61,0,0,0
13725,0,61,61,0,0,0
13756,1,61,61,9,9,0
13790,1,61,61,0,0,0
13856,0,61,61,0,0,0
13877,0,61,61,0,0,0
13883,1,61,61,0,0,0
13904,0,61,61,0,0,0
13935,0,61,61,0,0,0
13937,0,61,61,0,0,0
13974,0,61,61,0,0,0
14014,0,61,61,0,0,0
14015,0,61,61,0,0,0
14024,1,61,61,0,0,0
14028,0,61,61,0,0,0
14047,0,61,61,0,0,0
14057,1,61,61,0,0,0
14064,0,61,61,0,0,0
14071,0,61,61,0,0,0
14075,1,61,61,0,0,0
14090,1,61,61,0,0,0
14137,0,61,61,0,0,0
14167,0,61,61,0,0,0
14172,0,61,61,0,0,0
14199,0,61,61,0,0,0
14215,0,61,61,0,0,0
14229,1,61,61,0,0,0
14242,0,61,61,0,0,0
14297,0,61,61,0,0,0
14301,1,61,61,0,0,0
14321,1,61,61,0,0,0
14336,0,61,61,0,0,0
14460,0,61,61,0,0,0
14487,0,61,61,0,0,0
14523,1,61,61,0,0,0
14598,0,61,61,0,0,0
14665,0,61,61,0,0,0
14675,0,61,61,0,0,0
14735,1,61,61,0,0,0
14756,0,61,61,0,0,0
14807,0,61,61,0,0,0
14813,0,61,61,0,0,0
14824,1,61,61,0,0,0
14834,1,61,61,0,0,0
14850,0,61,61,0,0,0
14909,1,61,61,0,0,0
14948,1,61,61,0,0,0
14968,0,61,61,0,0,0
15004,1,61,61,0,0,0
15019,1,61,61,0,0,0
15026,0,61,61,0,0,0
15048,0,61,61,0,0,0
15085,0,61,61,0,0,0
15087,0,61,61,0,0,0
15108,0,61,61,0,0,0
15241,1,61,61,0,0,0
15292,0,61,61,0,0,0
15315,1,61,61,0,0,0
15346,0,61,61,0,0,0
15364,0,61,61,0,0,0
15367,1,61,61,0,0,0
15430,0,61,61,0,0,0
15473,1,61,61,0,0,0
15477,1,61,61,0,0,0
15524,1,61,61,0,0,0
15533,0,61,61,0,0,0
15544,0,61,61,0,0,0
15558,0,61,61,0,0,0
15600,1,61,61,0,0,0
15623,1,61,61,0,0,0
15625,0,61,61,0,0,0
15699,0,61,61,0,0,0
15743,1,61,61,0,0,0
15803,1,61,61,0,0,0
15805,1,61,61,0,0,0
15807,1,61,61,0,0,0
15816,1,61,61,0,0,0
15817,0,61,61,0,0,0
15908,0,61,61,0,0,0
15931,0,61,61,0,0,0
15966,0,61,61,0,0,0
15969,0,61,61,0,0,0
15981,0,61,61,0,0,0
16091,1,61,61,0,0,0
16097,0,61,61,0,0,0
16111,0,61,61,0,0,0
16121,1,61,61,0,0,0
16122,0,61,61,0,0,0
16130,1,61,61,0,0,0
16193,1,61,61,0,0,0
16239,0,61,61,0,0,0
16244,1,61,61,0,0,0
16279,1,61,61,0,0,0
16294,0,61,61,0,0,0
16315,0,61,61,0,0,0
16368,0,61,61,0,0,0
16375,1,61,61,0,0,0
16501,0,61,61,0,0,0
16535,1,61,61,0,0,0
16549,1,61,61,0,0,0
16556,1,61,61,0,0,0
16623,1,61,61,0,0,0
16643,0,61,61,0,0,0
16648,0,61,61,0,0,0
16654,0,61,61,0,0,0
16706,1,61,61,0,0,0
16718,0,61,61,0,0,0
16746,1,61,61,0,0,0
16757,0,61,61,0,0,0
16814,1,61,61,0,0,0
16817,0,61,61,0,0,0
16841,0,61,61,0,0,0
16865,0,61,61,0,0,0
16924,0,61,61,0,0,0
16938,0,61,61,0,0,0
16966,1,61,61,0,0,0
16999,0,61,61,0,0,0
17044,0,61,61,0,0,0
17058,1,61,61,0,0,0
17062,0,61,61,0,0,0
17079,0,61,61,0,0,0
17130,1,61,61,0,0,0
17144,0,61,61,0,0,0
17160,1,61,61,0,0,0
17201,0,61,61,0,0,0
17232,0,61,61,0,0,0
17258,1,61,61,0,0,0
17277,0,61,61,0,0,0
17289,0,61,61,0,0,0
17309,0,61,61,0,0,0
17410,1,61,61,0,0,0
17419,1,61,61,0,0,0
17442,0,61,61,0,0,0
17458,0,61,61,0,0,0
17542,0,61,61,0,0,0
17587,1,61,61,0,0,0
17597,0,61,61,0,0,0
17602,1,61,61,0,0,0
17648,1,61,61,0,0,0
17774,0,61,61,0,0,0
17794,0,61,61,0,0,0
17804,1,61,61,0,0,0
17835,1,61,61,0,0,0
17845,0,61,61,0,0,0
17850,0,61,61,0,0,0
17897,0,61,61,0,0,0
17901,1,61,61,0,0,0
17916,1,61,61,0,0,0
17919,1,61,61,0,0,0
17965,1,61,61,0,0,0
18004,1,61,61,0,0,0
18005,1,61,61,0,0,0
18009,0,61,61,0,0,0
18021,0,61,61,0,0,0
18090,1,61,61,0,0,0
18107,1,61,61,0,0,0
18129,1,61,61,0,0,0
18138,1,61,61,0,0,0
18159,0,61,61,0,0,0
18179,0,61,61,0,0,0
18217,0,61,61,0,0,0
18242,1,61,61,0,0,0
18262,0,61,61,0,0,0
18263,1,61,61,0,0,0
18278,0,61,61,0,0,0
18373,1,61,61,0,0,0
18383,0,61,61,0,0,0
18388,1,61,61,0,0,0
18462,1,61,61,0,0,0
18481,0,61,61,0,0,0
18482,0,61,61,0,0,0
18518,0,61,61,0,0,0
18533,0,61,61,0,0,0
18628,1,61,61,0,0,0
18656,0,61,61,0,0,0
18685,1,61,61,0,0,0
18696,0,61,61,0,0,0
18765,1,61,61,0,0,0
18794,1,61,61,0,0,0
18799,0,61,61,0,0,0
18839,1,61,61,0,0,0
18844,1,61,61,0,0,0
18853,1,61,61,0,0,0
18905,1,61,61,0,0,0
18915,0,61,61,0,0,0
18920,1,61,61,0,0,0
18994,1,61,61,0,0,0
19073,0,61,61,0,0,0
19075,1,61,61,0,0,0
19103,0,61,61,0,0,0
19110,0,61,61,0,0,0
19114,0,61,61,0,0,0
19131,0,61,61,0,0,0
19209,1,61,61,0,0,0
19301,0,61,61,0,0,0
19317,1,61,61,0,0,0
19322,0,61,61,0,0,0
19329,0,61,61,0,0,0
19352,0,61,61,0,0,0
19364,0,61,61,0,0,0
19379,0,61,61,0,0,0
19392,1,61,61,0,0,0
19419,1,61,61,0,0,0
19438,0,61,61,0,0,0
19453,0,61,61,0,0,0
19455,0,61,61,0,0,0
19471,0,61,61,0,0,0
19488,0,61,61,0,0,0
19496,0,61,61,0,0,0
19507,0,61,61,0,0,0
19524,1,61,61,0,0,0
19536,0,61,61,0,0,0
19541,0,61,61,0,0,0
19554,1,61,61,0,0,0
19567,1,61,61,0,0,0
19583,1,61,61,0,0,0
19621,1,61,61,0,0,0
19649,1,61,61,0,0,0
19669,1,61,61,0,0,0
19682,0,61,61,0,0,0
19728,0,61,61,0,0,0
19743,0,61,61,0,0,0
19816,0,61,61,0,0,0
19817,1,61,61,0,0,0
19887,0,61,61,0,0,0
19889,1,61,61,0,0,0
19906,0,61,61,0,0,0
19944,0,61,61,0,0,0
19948,1,61,61,0,0,0
19975,0,61,61,0,0,0
20077,0,61,61,0,0,0
20113,1,61,61,0,0,0
20156,0,61,61,0,0,0
20169,1,61,61,0,0,0
20170,1,61,61,0,0,0
20204,0,61,61,0,0,0
20207,1,61,61,0,0,0
20214,1,61,61,0,0,0
20226,0,61,61,0,0,0
20234,0,61,61,0,0,0
20277,0,61,61,0,0,0
20321,1,61,61,0,0,0
20324,1,61,61,0,0,0
20379,0,61,61,0,0,0
20402,1,61,61,0,0,0
20417,0,61,61,0,0,0
20458,1,61,61,0,0,0
20477,0,61,61,0,0,0
20550,1,61,61,0,0,0
20653,0,61,61,0,0,0
20662,1,61,61,0,0,0
20676,0,61,61,0,0,0
20697,0,61,61,0,0,0
20755,0,61,61,0,0,0
20771,0,61,61,0,0,0
20806,0,61,61,0,0,0
20824,0,61,61,0,0,0
20857,0,61,61,0,0,0
20874,0,61,61,0,0,0
20895,1,61,61,0,0,0
20897,1,61,61,0,0,0
20999,1,61,61,0,0,0
21032,1,61,61,0,0,0
21062,1,61,61,0,0,0
21119,0,61,61,0,0,0
21123,0,61,61,0,0,0
21160,1,61,61,0,0,0
21167,0,61,61,0,0,0
21173,1,61,61,0,0,0
21175,0,61,61,0,0,0
21181,1,61,61,0,0,0
21187,0,61,61,0,0,0
21241,0,61,61,0,0,0
21273,1,61,61,0,0,0
21286,0,61,61,0,0,0
21303,0,61,61,0,0,0
21373,1,61,61,59,58,1
21421,0,61,61,0,0,0
21423,0,61,61,0,0,0
21466,0,61,61,0,0,0
21506,0,61,61,0,0,0
21547,1,61,61,0,0,0
21602,0,61,61,0,0,0
21669,0,61,61,0,0,0
21686,1,61,61,0,0,0
21715,0,61,61,0,0,0
21807,1,61,61,0,0,0
21827,1,61,61,0,0,0
21830,0,61,61,0,0,0
21837,1,61,61,0,0,0
21905,0,61,61,0,0,0
21907,1,61,61,0,0,0
21913,1,61,61,0,0,0
21992,0,61,61,0,0,0
22031,0,61,61,0,0,0
22046,1,61,61,0,0,0
22054,0,61,61,0,0,0
22057,1,61,61,0,0,0
22089,0,61,61,0,0,0
22102,0,61,61,0,0,0
22127,1,61,61,0,0,0
22165,0,61,61,0,0,0
22210,0,61,61,0,0,0
22220,0,61,61,0,0,0
22228,0,61,61,0,0,0
22293,0,61,61,0,0,0
22466,0,61,61,0,0,0
22493,1,61,61,0,0,0
22548,1,61,61,0,0,0
22552,1,61,61,0,0,0
22576,0,61,61,0,0,0
22616,1,61,61,0,0,0
22665,0,61,61,0,0,0
22691,0,61,61,0,0,0
22712,1,61,61,0,0,0
22718,1,61,61,0,0,0
22720,0,61,61,0,0,0
22739,0,61,61,0,0,0
22784,1,61,61,0,0,0
22785,0,61,61,0,0,0
22797,1,61,61,0,0,0
22806,1,61,61,0,0,0
22836,1,61,61,0,0,0
22864,0,61,61,0,0,0
22872,0,61,61,0,0,0
22874,0,61,61,0,0,0
22879,1,61,61,0,0,0
23052,1,61,61,0,0,0
23105,0,61,61,0,0,0
23126,0,61,61,0,0,0
23166,1,61,61,0,0,0
23178,1,61,61,0,0,0
23190,0,61,61,0,0,0
23197,1,61,61,0,0,0
23199,0,61,61,0,0,0
23201,0,61,61,0,0,0
23270,0,61,61,0,0,0
23286,1,61,61,0,0,0
23294,1,61,61,0,0,0
23313,0,61,61,0,0,0
23334,1,61,61,0,0,0
23337,0,61,61,0,0,0
23366,1,61,61,0,0,0
23369,1,61,61,0,0,0
23381,1,61,61,0,0,0
23389,0,61,61,0,0,0
23401,1,61,61,0,0,0
23410,0,61,61,0,0,0
23438,1,61,61,0,0,0
23482,1,61,61,0,0,0
23513,0,61,61,0,0,0
23515,0,61,61,0,0,0
23602,0,61,61,0,0,0
23641,0,61,61,0,0,0
23676,0,61,61,0,0,0
23683,0,61,61,0,0,0
23698,0,61,61,0,0,0
23711,1,61,61,0,0,0
23712,0,61,61,0,0,0
23738,1,61,61,0,0,0
23752,1,61,61,0,0,0
23773,1,61,61,0,0,0
23789,1,61,61,0,0,0
23825,0,61,61,0,0,0
23847,0,61,61,0,0,0
23878,1,61,61,0,0,0
23892,1,61,61,0,0,0
23963,0,61,61,0,0,0
23966,1,61,61,0,0,0
23967,1,61,61,0,0,0
24005,0,61,61,0,0,0
24033,0,61,61,0,0,0
24036,0,61,61,0,0,0
24079,1,61,61,0,0,0
24137,0,61,61,0,0,0
24161,1,61,61,0,0,0
24191,1,61,61,0,0,0
24197,1,61,61,0,0,0
24217,1,61,61,0,0,0
24218,0,61,61,0,0,0
24335,1,61,61,0,0,0
24370,0,61,61,0,0,0
24394,1,61,61,0,0,0
24433,0,61,61,0,0,0
24452,1,61,61,0,0,0
24483,0,61,61,0,0,0
24559,1,61,61,0,0,0
24560,0,61,61,0,0,0
24569,1,61,61,0,0,0
24582,0,61,61,0,0,0
24620,0,61,61,0,0,0
24621,0,61,61,0,0,0
24626,0,61,61,0,0,0
24649,0,61,61,0,0,0
24684,1,61,61,0,0,0
24831,0,61,61,0,0,0
24863,0,61,61,0,0,0
24872,0,61,61,0,0,0
24887,0,61,61,0,0,0
24891,1,61,61,0,0,0
24918,0,61,61,0,0,0
24931,0,61,61,0,0,0
24944,1,61,61,0,0,0
24953,1,61,61,0,0,0
24957,0,61,61,0,0,0
24970,1,61,61,0,0,0
24984,0,61,61,0,0,0
25005,1,61,61,0,0,0
25016,0,61,61,0,0,0
25029,1,61,61,0,0,0
25105,1,61,61,0,0,0
25111,0,61,61,0,0,0
25134,0,61,61,0,0,0
25159,1,61,61,0,0,0
25188,1,61,61,0,0,0
25226,1,61,61,0,0,0
25294,0,61,61,0,0,0
25370,0,61,61,0,0,0
25375,1,61,61,0,0,0
25429,1,61,61,0,0,0
25438,1,61,61,0,0,0
25473,1,61,61,0,0,0
25495,0,61,61,0,0,0
25512,1,61,61,0,0,0
25516,0,61,61,0,0,0
25543,1,61,61,0,0,0
25628,0,61,61,0,0,0
25693,0,61,61,0,0,0
25718,0,61,61,0,0,0
25758,0,61,61,0,0,0
25798,1,61,61,0,0,0
25799,0,61,61,0,0,0
25811,1,61,61,0,0,0
25862,1,61,61,0,0,0
25908,0,61,61,0,0,0
25910,0,61,61,0,0,0
25923,0,61,61,0,0,0
25979,0,61,61,0,0,0
25989,1,61,61,0,0,0
26049,0,61,61,0,0,0
26113,1,61,61,0,0,0
26181,0,61,61,0,0,0
26190,0,61,61,0,0,0
26196,0,61,61,0,0,0
26201,0,61,61,0,0,0
26234,0,61,61,0,0,0
26238,1,61,61,0,0,0
26328,1,61,61,0,0,0
26384,1,61,61,61,59,2
26428,0,61,61,0,0,0
26447,1,61,61,0,0,0
26498,1,61,61,0,0,0
26508,1,61,61,0,0,0
26519,0,61,61,0,0,0
26532,0,61,61,0,0,0
26661,0,61,61,0,0,0
26677,1,61,61,0,0,0
26682,1,61,61,0,0,0
26683,1,61,61,0,0,0
26729,1,61,61,0,0,0
26859,1,61,61,0,0,0
26920,0,61,61,0,0,0
26936,1,61,61,0,0,0
26952,1,61,61,0,0,0
27047,1,61,61,11,9,2
27076,1,61,61,0,0,0
27121,0,61,61,0,0,0
27160,0,61,61,0,0,0
27213,1,61,61,0,0,0
27227,0,61,61,0,0,0
27278,1,61,61,0,0,0
27297,0,61,61,0,0,0
27319,1,61,61,0,0,0
27321,0,61,61,0,0,0
27347,1,61,61,0,0,0
27373,0,61,61,0,0,0
27376,1,61,61,0,0,0
27463,0,61,61,0,0,0
27557,0,61,61,0,0,0
27684,1,61,61,0,0,0
27757,0,61,61,0,0,0
27848,0,61,61,0,0,0
27864,0,61,61,0,0,0
27887,0,61,61,0,0,0
27888,1,61,61,9,8,1
27917,1,61,61,41,40,1
27929,1,61,61,0,0,0
27933,0,61,61,0,0,0
27937,0,61,61,0,0,0
27945,1,61,61,0,0,0
27982,0,61,61,0,0,0
27994,1,61,61,0,0,0
28082,1,61,61,0,0,0
28091,0,61,61,0,0,0
28120,1,61,61,0,0,0
28166,0,61,61,0,0,0
28195,0,61,61,0,0,0
28203,1,61,61,0,0,0
28275,1,61,61,0,0,0
28280,0,61,61,0,0,0
28472,0,61,61,0,0,0
28493,1,61,61,0,0,0
28522,1,61,61,0,0,0
28523,0,61,61,0,0,0
28576,1,61,61,0,0,0
28610,1,61,61,0,0,0
28613,0,61,61,0,0,0
28654,1,61,61,0,0,0
28657,1,61,61,0,0,0
28662,1,61,61,0,0,0
28682,1,61,61,0,0,0
28699,0,61,61,0,0,0
28777,0,61,61,0,0,0
28787,0,61,61,0,0,0
28810,0,61,61,0,0,0
28821,0,61,61,0,0,0
28832,0,61,61,0,0,0
28836,0,61,61,0,0,0
28837,0,61,61,0,0,0
28849,0,61,61,0,0,0
28854,0,61,61,0,0,0
28871,0,61,61,0,0,0
28886,1,61,61,0,0,0
28896,0,61,61,0,0,0
28944,1,61,61,0,0,0
28980,1,61,61,0,0,0
28984,1,61,61,0,0,0
29025,0,61,61,0,0,0
29028,1,61,61,0,0,0
29033,0,61,61,0,0,0
29049,1,61,61,0,0,0
29053,0,61,61,0,0,0
29054,0,61,61,0,0,0
29092,0,61,61,0,0,0
29094,0,61,61,0,0,0
29145,0,61,61,0,0,0
29261,1,61,61,0,0,0
29375,0,61,61,0,0,0
29417,1,61,61,0,0,0
29426,1,61,61,0,0,0
29480,1,61,61,0,0,0
29640,0,61,61,0,0,0
29641,0,61,61,0,0,0
29645,0,61,61,0,0,0
29669,1,61,61,0,0,0
29698,0,61,61,0,0,0
29715,1,61,61,0,0,0
29716,0,61,61,0,0,0
29739,1,61,61,52,51,1
29759,1,61,61,0,0,0
29784,1,61,61,52,52,0
29788,1,61,61,61,60,1
29819,1,61,61,0,0,0
30008,0,61,61,0,0,0
30011,1,61,61,0,0,0
30025,1,61,61,0,0,0
30036,1,61,61,0,0,0
30059,0,61,61,0,0,0
30084,0,61,61,0,0,0
30103,1,61,61,0,0,0
30140,0,61,61,0,0,0
30159,0,61,61,0,0,0
30162,1,61,61,0,0,0
30234,1,61,61,0,0,0
30244,0,61,61,0,0,0
30285,0,61,61,0,0,0
30287,1,61,61,0,0,0
30289,0,61,61,0,0,0
30360,1,61,61,0,0,0
30366,1,61,61,0,0,0
30372,1,61,61,0,0,0
30381,0,61,61,0,0,0
30458,0,61,61,0,0,0
30460,1,61,61,0,0,0
30508,1,61,61,0,0,0
30523,1,61,61,0,0,0
30538,0,61,61,0,0,0
30549,1,61,61,0,0,0
30652,1,61,61,0,0,0
30679,0,61,61,0,0,0
30715,1,61,61,0,0,0
30724,1,61,61,0,0,0
30739,1,61,61,0,0,0
30750,0,61,61,0,0,0
30764,0,61,61,0,0,0
30891,0,61,61,0,0,0
30898,1,61,61,0,0,0
30940,1,61,61,0,0,0
31007,0,61,61,0,0,0
31031,0,61,61,0,0,0
31066,0,61,61,0,0,0
31067,0,61,61,0,0,0
31075,0,61,61,0,0,0
31095,0,61,61,0,0,0
31098,1,61,61,0,0,0
31112,0,61,61,0,0,0
31128,1,61,61,0,0,0
31142,0,61,61,0,0,0
31182,1,61,61,0,0,0
31232,1,61,61,0,0,0
31267,0,61,61,0,0,0
31280,0,61,61,0,0,0
31289,1,61,61,0,0,0
31304,1,61,61,0,0,0
31307,1,61,61,0,0,0
31328,1,61,61,0,0,0
31350,0,61,61,0,0,0
31352,1,61,61,0,0,0
31373,1,61,61,0,0,0
31404,0,61,61,0,0,0
31442,1,61,61,0,0,0
31457,1,61,61,0,0,0
31533,0,61,61,0,0,0
31575,1,61,61,0,0,0
31608,1,61,61,0,0,0
31634,0,61,61,0,0,0
31669,1,61,61,0,0,0
31692,0,61,61,0,0,0
31698,0,61,61,0,0,0
31704,1,61,61,0,0,0
31706,0,61,61,0,0,0
31715,1,61,61,0,0,0
31723,0,61,61,0,0,0
31736,0,61,61,0,0,0
31738,0,61,61,0,0,0
31739,1,61,61,0,0,0
31900,0,61,61,0,0,0
31904,0,61,61,0,0,0
31910,1,61,61,0,0,0
31911,1,61,61,0,0,0
31933,0,61,61,0,0,0
31941,1,61,61,0,0,0
31957,1,61,61,61,57,4
31992,0,61,61,0,0,0
31993,0,61,61,0,0,0
32001,0,61,61,0,0,0
32066,1,61,61,0,0,0
32068,1,61,61,0,0,0
32090,0,61,61,0,0,0
32133,1,61,61,0,0,0
32153,0,61,61,0,0,0
32186,1,61,61,0,0,0
32201,1,61,61,0,0,0
32204,0,61,61,0,0,0
32208,0,61,61,0,0,0
32248,0,61,61,0,0,0
32263,0,61,61,0,0,0
32285,1,61,61,0,0,0
32297,0,61,61,0,0,0
32321,0,61,61,0,0,0
32344,1,61,61,0,0,0
32363,1,61,61,0,0,0
32397,1,61,61,0,0,0
32501,1,61,61,0,0,0
32504,1,61,61,0,0,0
32505,1,61,61,0,0,0
32512,0,61,61,0,0,0
32561,0,61,61,0,0,0
32630,1,61,61,0,0,0
32640,1,61,61,0,0,0
32759,1,61,61,61,61,0
32776,1,61,61,0,0,0
32794,1,61,61,0,0,0
32800,1,61,61,0,0,0
32858,0,61,61,0,0,0
32862,0,61,61,0,0,0
32903,1,61,61,0,0,0
32911,1,61,61,0,0,0
32916,0,61,61,0,0,0
32920,0,61,61,0,0,0
32952,0,61,61,0,0,0
33005,1,61,61,0,0,0
33016,1,61,61,0,0,0
33062,1,61,61,0,0,0
33124,0,61,61,0,0,0
33160,0,61,61,0,0,0
33177,0,61,61,0,0,0
33293,1,61,61,52,51,1
33315,0,61,61,0,0,0
33317,1,61,61,0,0,0
33391,1,61,61,0,0,0
33398,1,61,61,0,0,0
33413,1,61,61,0,0,0
33459,0,61,61,0,0,0
33504,1,61,61,0,0,0
33519,0,61,61,0,0,0
33528,0,61,61,0,0,0
33573,0,61,61,0,0,0
33580,0,61,61,0,0,0
33633,0,61,61,0,0,0
33671,0,61,61,0,0,0
33707,0,61,61,0,0,0
33794,0,61,61,0,0,0
33816,0,61,61,0,0,0
33843,0,61,61,0,0,0
33859,1,61,61,0,0,0
33892,0,61,61,0,0,0
33933,0,61,61,0,0,0
33957,0,61,61,0,0,0
33977,1,61,61,0,0,0
34019,1,61,61,0,0,0
34025,1,61,61,0,0,0
34051,0,61,61,0,0,0
34092,1,61,61,0,0,0
34113,0,61,61,0,0,0
34144,0,61,61,0,0,0
34163,0,61,61,0,0,0
34241,0,61,61,0,0,0
34285,1,61,61,0,0,0
34295,0,61,61,0,0,0
34299,0,61,61,0,0,0
34303,1,61,61,0,0,0
34316,1,61,61,0,0,0
34336,0,61,61,0,0,0
34372,0,61,61,0,0,0
34394,0,61,61,0,0,0
34401,1,61,61,0,0,0
34410,1,61,61,0,0,0
34413,0,61,61,0,0,0
34414,0,61,61,0,0,0
34420,1,61,61,0,0,0
34428,0,61,61,0,0,0
34441,0,61,61,0,0,0
34454,1,61,61,0,0,0
34467,1,61,61,0,0,0
34528,0,61,61,0,0,0
34567,0,61,61,0,0,0
34573,1,61,61,0,0,0
34574,0,61,61,0,0,0
34612,0,61,61,0,0,0
34636,0,61,61,0,0,0
34685,0,61,61,0,0,0
34687,1,61,61,0,0,0
34757,1,61,61,0,0,0
34779,1,61,61,0,0,0
34782,1,61,61,0,0,0
34797,0,61,61,0,0,0
34814,0,61,61,0,0,0
34821,1,61,61,0,0,0
34863,1,61,61,0,0,0
34879,0,61,61,0,0,0
34904,1,61,61,0,0,0
34930,1,61,61,0,0,0
35081,0,61,61,0,0,0
35089,1,61,61,0,0,0
35092,0,61,61,0,0,0
35115,0,61,61,0,0,0
35127,1,61,61,0,0,0
35139,0,61,61,0,0,0
35148,1,61,61,0,0,0
35161,1,61,61,0,0,0
35172,1,61,61,6,0,6
35184,1,61,61,0,0,0
35190,1,61,61,0,0,0
35210,0,61,61,0,0,0
35234,1,61,61,0,0,0
35242,1,61,61,0,0,0
35243,0,61,61,0,0,0
35244,1,61,61,0,0,0
35268,0,61,61,0,0,0
35273,1,61,61,0,0,0
35282,0,61,61,0,0,0
35283,0,61,61,0,0,0
35314,0,61,61,0,0,0
35346,0,61,61,0,0,0
35366,0,61,61,0,0,0
35370,0,61,61,0,0,0
35379,0,61,61,0,0,0
35383,0,61,61,0,0,0
35422,1,61,61,0,0,0
35440,1,61,61,0,0,0
35449,0,61,61,0,0,0
35462,0,61,61,0,0,0
35487,0,61,61,0,0,0
35511,0,61,61,0,0,0
35529,1,61,61,0,0,0
35559,1,61,61,0,0,0
35563,0,61,61,0,0,0
35587,0,61,61,0,0,0
35591,1,61,61,0,0,0
35602,0,61,61,0,0,0
35626,1,61,61,0,0,0
35647,0,61,61,0,0,0
35673,1,61,61,0,0,0
35675,1,61,61,0,0,0
35705,0,61,61,0,0,0
35709,1,61,61,0,0,0
35742,0,61,61,0,0,0
35748,0,61,61,0,0,0
35758,0,61,61,0,0,0
35772,0,61,61,0,0,0
35788,0,61,61,0,0,0
35798,0,61,61,0,0,0
35799,1,61,61,0,0,0
35857,1,61,61,0,0,0
35865,0,61,61,0,0,0
35879,0,61,61,0,0,0
35940,0,61,61,0,0,0
35946,1,61,61,0,0,0
36007,0,61,61,0,0,0
36016,0,61,61,0,0,0
36036,0,61,61,0,0,0
36055,1,61,61,0,0,0
36060,0,61,61,0,0,0
36067,1,61,61,0,0,0
36096,1,61,61,0,0,0
36105,0,61,61,0,0,0
36132,1,61,61,0,0,0
36192,1,61,61,20,16,4
36207,0,61,61,0,0,0
36215,1,61,61,0,0,0
36248,1,61,61,0,0,0
36293,0,61,61,0,0,0
36297,0,61,61,0,0,0
36305,1,61,61,0,0,0
36400,0,61,61,0,0,0
36419,0,61,61,0,0,0
36453,1,61,61,0,0,0
36462,1,61,61,0,0,0
36484,1,61,61,0,0,0
36535,1,61,61,0,0,0
36548,0,61,61,0,0,0
36582,1,61,61,0,0,0
36657,1,61,61,0,0,0
36665,1,61,61,0,0,0
36678,0,61,61,0,0,0
36733,0,61,61,0,0,0
36752,0,61,61,0,0,0
36753,0,61,61,0,0,0
36765,0,61,61,0,0,0
36774,1,61,61,0,0,0
36797,0,61,61,0,0,0
36852,0,61,61,0,0,0
36901,1,61,61,0,0,0
36934,0,61,61,0,0,0
36940,0,61,61,0,0,0
36945,0,61,61,0,0,0
36971,1,61,61,0,0,0
37024,1,61,61,0,0,0
37030,0,61,61,0,0,0
37121,0,61,61,0,0,0
37136,1,61,61,0,0,0
37186,0,61,61,0,0,0
37214,0,61,61,0,0,0
37236,1,61,61,0,0,0
37242,1,61,61,0,0,0
37256,1,61,61,0,0,0
37303,1,61,61,0,0,0
37325,0,61,61,0,0,0
37345,0,61,61,0,0,0
37379,0,61,61,0,0,0
37400,1,61,61,0,0,0
37401,1,61,61,0,0,0
37408,1,61,61,0,0,0
37470,1,61,61,0,0,0
37481,0,61,61,0,0,0
37544,1,61,61,0,0,0
37547,1,61,61,0,0,0
37561,0,61,61,0,0,0
37562,1,61,61,0,0,0
37588,1,61,61,0,0,0
37605,1,61,61,0,0,0
37616,0,61,61,0,0,0
37645,0,61,61,0,0,0
37666,1,61,61,0,0,0
37689,1,61,61,0,0,0
37705,1,61,61,0,0,0
37717,1,61,61,0,0,0
37732,1,61,61,0,0,0
37791,0,61,61,0,0,0
37816,0,61,61,0,0,0
37850,0,61,61,0,0,0
37875,1,61,61,0,0,0
37881,0,61,61,0,0,0
37977,1,61,61,0,0,0
37983,0,61,61,0,0,0
37990,0,61,61,0,0,0
37993,1,61,61,0,0,0
38039,0,61,61,0,0,0
38099,1,61,61,0,0,0
38102,0,61,61,0,0,0
38117,1,61,61,0,0,0
38156,1,61,61,0,0,0
38168,0,61,61,0,0,0
38170,0,61,61,0,0,0
38180,0,61,61,0,0,0
38193,1,61,61,0,0,0
38216,1,61,61,0,0,0
38222,0,61,61,0,0,0
38234,1,61,61,0,0,0
38253,0,61,61,0,0,0
38279,0,61,61,0,0,0
38290,1,61,61,0,0,0
38345,0,61,61,0,0,0
38375,1,61,61,0,0,0
38430,1,61,61,0,0,0
38449,0,61,61,0,0,0
38453,0,61,61,0,0,0
38469,0,61,61,0,0,0
38512,0,61,61,0,0,0
38573,1,61,61,0,0,0
38582,0,61,61,0,0,0
38598,0,61,61,0,0,0
38600,0,61,61,0,0,0
38643,0,61,61,0,0,0
38649,1,61,61,0,0,0
38654,0,61,61,0,0,0
38719,0,61,61,0,0,0
38786,1,61,61,0,0,0
38801,0,61,61,0,0,0
38821,0,61,61,0,0,0
38829,0,61,61,0,0,0
38844,1,61,61,0,0,0
38862,0,61,61,0,0,0
38866,0,61,61,0,0,0
38910,1,61,61,0,0,0
38933,0,61,61,0,0,0
38961,1,61,61,0,0,0
38962,1,61,61,0,0,0
39008,0,61,61,0,0,0
39046,0,61,61,0,0,0
39050,1,61,61,0,0,0
39059,0,61,61,0,0,0
39081,0,61,61,0,0,0
39102,0,61,61,0,0,0
39144,0,61,61,0,0,0
39154,1,61,61,0,0,0
39183,1,61,61,0,0,0
39205,1,61,61,0,0,0
39207,0,61,61,0,0,0
39212,0,61,61,0,0,0
39217,1,61,61,0,0,0
39264,1,61,61,0,0,0
39313,1,61,61,0,0,0
39354,0,61,61,0,0,0
39362,1,61,61,0,0,0
39406,0,61,61,0,0,0
39413,0,61,61,0,0,0
39440,1,61,61,0,0,0
39453,1,61,61,0,0,0
39467,0,61,61,0,0,0
39468,1,61,61,0,0,0
39496,0,61,61,0,0,0
39510,1,61,61,0,0,0
39515,0,61,61,0,0,0
39565,1,61,61,0,0,0
39575,1,61,61,0,0,0
39619,0,61,61,0,0,0
39636,1,61,61,0,0,0
39652,1,61,61,0,0,0
39657,0,61,61,0,0,0
39671,0,61,61,0,0,0
39687,0,61,61,0,0,0
39710,1,61,61,0,0,0
39719,0,61,61,0,0,0
39800,0,61,61,0,0,0
39870,1,61,61,0,0,0
39899,0,61,61,0,0,0
39970,0,61,61,0,0,0
40084,1,61,61,0,0,0
40114,0,61,61,0,0,0
40168,0,61,61,0,0,0
40191,0,61,61,0,0,0
40204,1,61,61,0,0,0
40274,0,61,61,0,0,0
40356,0,61,61,0,0,0
40377,0,61,61,0,0,0
40397,0,61,61,0,0,0
40521,0,61,61,0,0,0
40525,0,61,61,0,0,0
40542,1,61,61,0,0,0
40544,0,61,61,0,0,0
40550,0,61,61,0,0,0
40554,1,61,61,0,0,0
40570,1,61,61,0,0,0
40585,1,61,61,0,0,0
40617,1,61,61,0,0,0
40627,0,61,61,0,0,0
40654,1,61,61,0,0,0
40671,1,61,61,0,0,0
40677,0,61,61,0,0,0
40725,0,61,61,0,0,0
40790,1,61,61,0,0,0
40820,1,61,61,0,0,0
40870,1,61,61,0,0,0
40877,1,61,61,0,0,0
40889,0,61,61,0,0,0
40920,0,61,61,0,0,0
40932,0,61,61,0,0,0
40949,0,61,61,0,0,0
40963,0,61,61,0,0,0
40976,0,61,61,0,0,0
41018,0,61,61,0,0,0
41045,1,61,61,0,0,0
41073,1,61,61,0,0,0
41075,0,61,61,0,0,0
41113,1,61,61,0,0,0
41184,0,61,61,0,0,0
41226,1,61,61,0,0,0
41272,0,61,61,0,0,0
41295,1,61,61,0,0,0
41337,0,61,61,0,0,0
41367,1,61,61,0,0,0
41403,0,61,61,0,0,0
41416,1,61,61,61,55,6
41428,0,61,61,0,0,0
41467,1,61,61,0,0,0
41472,1,61,61,0,0,0
41501,0,61,61,0,0,0
41550,1,61,61,0,0,0
41553,0,61,61,0,0,0
41555,1,61,61,0,0,0
41573,0,61,61,0,0,0
41581,0,61,61,0,0,0
41661,1,61,61,0,0,0
41825,0,61,61,0,0,0
41838,0,61,61,0,0,0
41916,0,61,61,0,0,0
41920,0,61,61,0,0,0
41924,1,61,61,0,0,0
41953,0,61,61,0,0,0
41955,0,61,61,0,0,0
41958,1,61,61,0,0,0
41964,0,61,61,0,0,0
42045,0,61,61,0,0,0
42092,0,61,61,0,0,0
42107,0,61,61,0,0,0
42134,1,61,61,0,0,0
42138,0,61,61,0,0,0
42205,0,61,61,0,0,0
42234,0,61,61,0,0,0
42291,1,61,61,0,0,0
42323,0,61,61,0,0,0
42335,0,61,61,0,0,0
42350,1,61,61,0,0,0
42355,1,61,61,0,0,0
42362,0,61,61,0,0,0
42432,0,61,61,0,0,0
42458,0,61,61,0,0,0
42461,1,61,61,0,0,0
42491,0,61,61,0,0,0
42528,0,61,61,0,0,0
42544,1,61,61,0,0,0
42567,1,61,61,0,0,0
42621,1,61,61,0,0,0
42643,0,61,61,0,0,0
42644,0,61,61,0,0,0
42656,1,61,61,0,0,0
42708,1,61,61,0,0,0
42726,0,61,61,0,0,0
42727,0,61,61,0,0,0
42747,0,61,61,0,0,0
42767,0,61,61,0,0,0
42772,0,61,61,0,0,0
42775,0,61,61,0,0,0
42794,0,61,61,0,0,0
42806,0,61,61,0,0,0
42855,0,61,61,0,0,0
42915,1,61,61,0,0,0
42969,0,61,61,0,0,0
42974,0,61,61,0,0,0
42980,1,61,61,0,0,0
42989,1,61,61,0,0,0
43020,0,61,61,0,0,0
43117,1,61,61,0,0,0
43123,0,61,61,0,0,0
43160,0,61,61,0,0,0
43182,1,61,61,0,0,0
43184,1,61,61,0,0,0
43187,1,61,61,0,0,0
43215,0,61,61,0,0,0
43235,0,61,61,0,0,0
43290,0,61,61,0,0,0
43292,0,61,61,0,0,0
43293,0,61,61,0,0,0
43315,0,61,61,0,0,0
43317,1,61,61,0,0,0
43342,0,61,61,0,0,0
43381,1,61,61,0,0,0
43389,0,61,61,0,0,0
43393,0,61,61,0,0,0
43464,0,61,61,0,0,0
43482,0,61,61,0,0,0
43508,0,61,61,0,0,0
43512,0,61,61,0,0,0
43587,0,61,61,0,0,0
43609,1,61,61,0,0,0
43643,0,61,61,0,0,0
43664,0,61,61,0,0,0
43669,1,61,61,0,0,0
43699,0,61,61,0,0,0
43738,1,61,61,3,0,3
43741,0,61,61,0,0,0
43745,1,61,61,0,0,0
43771,0,61,61,0,0,0
43816,0,61,61,0,0,0
43836,1,61,61,0,0,0
43857,1,61,61,0,0,0
43871,1,61,61,0,0,0
43912,1,61,61,0,0,0
43985,0,61,61,0,0,0
44004,1,61,61,0,0,0
44037,1,61,61,0,0,0
44039,0,61,61,0,0,0
44047,0,61,61,0,0,0
44059,0,61,61,0,0,0
44078,0,61,61,0,0,0
44117,0,61,61,0,0,0
44121,1,61,61,0,0,0
44125,1,61,61,0,0,0
44197,0,61,61,0,0,0
44204,1,61,61,0,0,0
44215,0,61,61,0,0,0
44224,0,61,61,0,0,0
44291,1,61,61,0,0,0
44311,0,61,61,0,0,0
44324,0,61,61,0,0,0
44348,0,61,61,0,0,0
44397,1,61,61,0,0,0
44418,1,61,61,0,0,0
44423,0,61,61,0,0,0
44550,0,61,61,0,0,0
44646,0,61,61,0,0,0
44692,0,61,61,0,0,0
44750,1,61,61,0,0,0
44761,0,61,61,0,0,0
44762,0,61,61,0,0,0
44786,0,61,61,0,0,0
44803,0,61,61,0,0,0
44837,1,61,61,0,0,0
44894,0,61,61,0,0,0
44942,0,61,61,0,0,0
44946,1,61,61,0,0,0
44955,1,61,61,0,0,0
44969,1,61,61,0,0,0
44972,0,61,61,0,0,0
44988,0,61,61,0,0,0
44998,0,61,61,0,0,0
45024,1,61,61,0,0,0
45036,0,61,61,0,0,0
45062,1,61,61,0,0,0
45063,1,61,61,0,0,0
45068,0,61,61,0,0,0
45069,0,61,61,0,0,0
45078,0,61,61,0,0,0
45084,0,61,61,0,0,0
45117,0,61,61,0,0,0
45138,0,61,61,0,0,0
45174,0,61,61,0,0,0
45182,0,61,61,0,0,0
45218,0,61,61,0,0,0
45242,1,61,61,0,0,0
45262,1,61,61,0,0,0
45334,0,61,61,0,0,0
45353,1,61,61,0,0,0
45362,1,61,61,0,0,0
45388,1,61,61,0,0,0
45414,0,61,61,0,0,0
45455,0,61,61,0,0,0
45457,1,61,61,0,0,0
45506,0,61,61,0,0,0
45507,1,61,61,0,0,0
45559,1,61,61,0,0,0
45584,0,61,61,0,0,0
45597,1,61,61,0,0,0
45608,0,61,61,0,0,0
45635,1,61,61,0,0,0
45641,1,61,61,0,0,0
45671,1,61,61,0,0,0
45681,0,61,61,0,0,0
45685,1,61,61,0,0,0
45693,1,61,61,0,0,0
45718,1,61,61,0,0,0
45778,0,61,61,0,0,0
45780,1,61,61,0,0,0
45792,1,61,61,0,0,0
45794,1,61,61,0,0,0
45810,1,61,61,0,0,0
45822,1,61,61,61,58,3
45844,0,61,61,0,0,0
45852,0,61,61,0,0,0
45893,0,61,61,0,0,0
45924,0,61,61,0,0,0
45949,1,61,61,0,0,0
45965,1,61,61,0,0,0
45973,0,61,61,0,0,0
46006,0,61,61,0,0,0
46011,0,61,61,0,0,0
46023,1,61,61,0,0,0
46026,1,61,61,0,0,0
46097,1,61,61,0,0,0
46170,0,61,61,0,0,0
46182,1,61,61,0,0,0
46205,0,61,61,0,0,0
46233,0,61,61,0,0,0
46252,1,61,61,0,0,0
46266,0,61,61,0,0,0
46272,0,61,61,0,0,0
46337,1,61,61,0,0,0
46357,0,61,61,0,0,0
46363,0,61,61,0,0,0
46495,0,61,61,0,0,0
46500,1,61,61,0,0,0
46525,0,61,61,0,0,0
46539,0,61,61,0,0,0
46570,1,61,61,0,0,0
46613,1,61,61,0,0,0
46659,1,61,61,0,0,0
46716,0,61,61,0,0,0
46720,0,61,61,0,0,0
46746,1,61,61,0,0,0
46761,0,61,61,0,0,0
46768,0,61,61,0,0,0
46801,0,61,61,0,0,0
46811,0,61,61,0,0,0
46816,1,61,61,0,0,0
46884,0,61,61,0,0,0
46919,0,61,61,0,0,0
46979,0,61,61,0,0,0
47088,0,61,61,0,0,0
47089,0,61,61,0,0,0
47090,1,61,61,0,0,0
47141,1,61,61,0,0,0
47181,1,61,61,0,0,0
47220,1,61,61,0,0,0
47234,0,61,61,0,0,0
47255,0,61,61,0,0,0
47277,1,61,61,0,0,0
47291,1,61,61,0,0,0
47375,1,61,61,0,0,0
47439,0,61,61,0,0,0
47440,1,61,61,0,0,0
47460,0,61,61,0,0,0
47473,0,61,61,0,0,0
47482,0,61,61,0,0,0
47500,1,61,61,0,0,0
47502,1,61,61,0,0,0
47527,0,61,61,0,0,0
47567,0,61,61,0,0,0
47576,1,61,61,0,0,0
47588,0,61,61,0,0,0
47589,0,61,61,0,0,0
47616,0,61,61,0,0,0
47674,0,61,61,0,0,0
47683,1,61,61,0,0,0
47708,1,61,61,0,0,0
47712,0,61,61,0,0,0
47717,1,61,61,0,0,0
47743,1,61,61,0,0,0
47785,0,61,61,0,0,0
47819,0,61,61,0,0,0
47860,0,61,61,0,0,0
47872,0,61,61,0,0,0
47893,0,61,61,0,0,0
47906,0,61,61,0,0,0
47916,0,61,61,0,0,0
47921,1,61,61,0,0,0
47939,0,61,61,0,0,0
47953,0,61,61,0,0,0
47970,0,61,61,0,0,0
47987,0,61,61,0,0,0
48065,1,61,61,0,0,0
48146,0,61,61,0,0,0
48187,0,61,61,0,0,0
48197,0,61,61,0,0,0
48198,1,61,61,0,0,0
48211,1,61,61,0,0,0
48227,0,61,61,0,0,0
48230,0,61,61,0,0,0
48236,1,61,61,0,0,0
48238,0,61,61,0,0,0
48264,1,61,61,0,0,0
48285,1,61,61,0,0,0
48352,1,61,61,0,0,0
48358,0,61,61,0,0,0
48393,0,61,61,0,0,0
48422,1,61,61,0,0,0
48442,0,61,61,0,0,0
48462,0,61,61,0,0,0
48473,0,61,61,0,0,0
48502,0,61,61,0,0,0
48509,0,61,61,0,0,0
48568,0,61,61,0,0,0
48646,0,61,61,0,0,0
48647,1,61,61,0,0,0
48648,0,61,61,0,0,0
48696,0,61,61,0,0,0
48853,1,61,61,0,0,0
48918,0,61,61,0,0,0
48962,1,61,61,0,0,0
48987,1,61,61,0,0,0
48997,0,61,61,0,0,0
49023,0,61,61,0,0,0
49044,1,61,61,0,0,0
49056,0,61,61,0,0,0
49060,0,61,61,0,0,0
49130,1,61,61,0,0,0
49137,0,61,61,0,0,0
49142,1,61,61,0,0,0
49146,0,61,61,0,0,0
49204,0,61,61,0,0,0
49205,0,61,61,0,0,0
49212,0,61,61,0,0,0
49220,0,61,61,0,0,0
49258,0,61,61,0,0,0
49327,1,61,61,0,0,0
49332,0,61,61,0,0,0
49387,0,61,61,0,0,0
49415,0,61,61,0,0,0
49519,1,61,61,0,0,0
49525,1,61,61,0,0,0
49533,1,61,61,0,0,0
49535,0,61,61,0,0,0
49536,0,61,61,0,0,0
49555,1,61,61,0,0,0
49557,1,61,61,0,0,0
49579,1,61,61,0,0,0
49626,0,61,61,0,0,0
49632,0,61,61,0,0,0
49666,1,61,61,0,0,0
49769,1,61,61,0,0,0
49839,1,61,61,0,0,0
49879,0,61,61,0,0,0
49902,0,61,61,0,0,0
49912,0,61,61,0,0,0
49955,0,61,61,0,0,0
49963,0,61,61,0,0,0
49968,1,61,61,0,0,0
50012,0,61,61,0,0,0
50013,0,61,61,0,0,0
50066,1,61,61,0,0,0
50076,0,61,61,0,0,0
50125,0,61,61,0,0,0
50143,0,61,61,0,0,0
50180,0,61,61,0,0,0
50183,1,61,61,0,0,0
50229,1,61,61,0,0,0
50243,0,61,61,0,0,0
50262,0,61,61,0,0,0
50316,1,61,61,0,0,0
50351,1,61,61,0,0,0
50387,0,61,61,0,0,0
50397,0,61,61,0,0,0
50398,0,61,61,0,0,0
50501,1,61,61,0,0,0
50541,1,61,61,0,0,0
50556,0,61,61,0,0,0
50581,0,61,61,0,0,0
50611,1,61,61,0,0,0
50700,1,61,61,0,0,0
50702,1,61,61,0,0,0
50713,1,61,61,0,0,0
50724,1,61,61,0,0,0
50730,0,61,61,0,0,0
50741,0,61,61,0,0,0
50769,0,61,61,0,0,0
50772,0,61,61,0,0,0
50816,1,61,61,0,0,0
50848,0,61,61,0,0,0
50854,1,61,61,0,0,0
50874,0,61,61,0,0,0
50881,1,61,61,0,0,0
50883,0,61,61,0,0,0
50893,1,61,61,0,0,0
50913,1,61,61,0,0,0
50946,1,61,61,0,0,0
50950,0,61,61,0,0,0
50962,1,61,61,0,0,0
50970,0,61,61,0,0,0
51101,1,61,61,0,0,0
51142,1,61,61,0,0,0
51145,0,61,61,0,0,0
51158,1,61,61,0,0,0
51172,1,61,61,0,0,0
51236,0,61,61,0,0,0
51294,0,61,61,0,0,0
51371,0,61,61,0,0,0
51458,1,61,61,0,0,0
51516,0,61,61,0,0,0
51541,0,61,61,0,0,0
51554,0,61,61,0,0,0
51566,0,61,61,0,0,0
51582,0,61,61,0,0,0
51608,0,61,61,0,0,0
51609,0,61,61,0,0,0
51614,0,61,61,0,0,0
51617,0,61,61,0,0,0
51630,1,61,61,0,0,0
51643,1,61,61,0,0,0
51669,1,61,61,0,0,0
51683,1,61,61,0,0,0
51694,1,61,61,0,0,0
51824,1,61,61,0,0,0
51900,1,61,61,0,0,0
51921,1,61,61,0,0,0
51968,1,61,61,0,0,0
51969,0,61,61,0,0,0
52090,1,61,61,0,0,0
52135,1,61,61,0,0,0
52147,0,61,61,0,0,0
52181,0,61,61,0,0,0
52198,0,61,61,0,0,0
52221,0,61,61,0,0,0
52233,0,61,61,0,0,0
52273,0,61,61,0,0,0
52287,0,61,61,0,0,0
52292,0,61,61,0,0,0
52311,1,61,61,0,0,0
52332,1,61,61,0,0,0
52352,1,61,61,0,0,0
52364,0,61,61,0,0,0
52409,1,61,61,0,0,0
52410,0,61,61,0,0,0
52474,1,61,61,0,0,0
52480,0,61,61,0,0,0
52522,1,61,61,0,0,0
52537,0,61,61,0,0,0
52567,1,61,61,0,0,0
52587,0,61,61,0,0,0
52611,1,61,61,0,0,0
52622,0,61,61,0,0,0
52628,0,61,61,0,0,0
52638,0,61,61,0,0,0
52731,1,61,61,0,0,0
52767,0,61,61,0,0,0
52791,0,61,61,0,0,0
52852,1,61,61,0,0,0
52870,0,61,61,0,0,0
52877,0,61,61,0,0,0
52884,0,61,61,0,0,0
52923,1,61,61,0,0,0
52924,1,61,61,0,0,0
52967,1,61,61,0,0,0
52986,1,61,61,0,0,0
53007,0,61,61,0,0,0
53014,1,61,61,0,0,0
53018,1,61,61,0,0,0
53034,1,61,61,0,0,0
53047,0,61,61,0,0,0
53054,0,61,61,0,0,0
53062,1,61,61,0,0,0
53065,0,61,61,0,0,0
53110,1,61,61,0,0,0
53126,1,61,61,0,0,0
53170,0,61,61,0,0,0
53224,1,61,61,61,60,1
53243,1,61,61,0,0,0
53284,1,61,61,0,0,0
53338,0,61,61,0,0,0
53388,1,61,61,0,0,0
53491,1,61,61,0,0,0
53571,0,61,61,0,0,0
53581,0,61,61,0,0,0
53627,0,61,61,0,0,0
53699,0,61,61,0,0,0
53700,1,61,61,0,0,0
53710,0,61,61,0,0,0
53724,0,61,61,0,0,0
53761,1,61,61,0,0,0
53775,0,61,61,0,0,0
53784,1,61,61,0,0,0
53795,0,61,61,0,0,0
53810,1,61,61,0,0,0
53823,0,61,61,0,0,0
53860,1,61,61,0,0,0
53903,0,61,61,0,0,0
53963,0,61,61,0,0,0
53968,0,61,61,0,0,0
53972,1,61,61,0,0,0
53976,0,61,61,0,0,0
54049,1,61,61,0,0,0
54055,1,61,61,0,0,0
54061,0,61,61,0,0,0
54085,0,61,61,0,0,0
54097,0,61,61,0,0,0
54228,1,61,61,0,0,0
54251,0,61,61,0,0,0
54253,1,61,61,0,0,0
54275,0,61,61,0,0,0
54282,0,61,61,0,0,0
54299,0,61,61,0,0,0
54323,1,61,61,0,0,0
54338,0,61,61,0,0,0
54344,0,61,61,0,0,0
54392,1,61,61,0,0,0
54443,0,61,61,0,0,0
54448,0,61,61,0,0,0
54513,1,61,61,0,0,0
54540,1,61,61,0,0,0
54553,0,61,61,0,0,0
54565,1,61,61,0,0,0
54621,1,61,61,0,0,0
54641,0,61,61,0,0,0
54642,1,61,61,0,0,0
54651,0,61,61,0,0,0
54697,0,61,61,0,0,0
54699,1,61,61,0,0,0
54701,0,61,61,0,0,0
54705,0,61,61,0,0,0
54749,0,61,61,0,0,0
54761,1,61,61,0,0,0
54762,1,61,61,0,0,0
54800,0,61,61,0,0,0
54820,1,61,61,0,0,0
54828,1,61,61,0,0,0
54832,1,61,61,0,0,0
54869,0,61,61,0,0,0
54934,1,61,61,0,0,0
54939,0,61,61,0,0,0
54945,1,61,61,0,0,0
54956,0,61,61,0,0,0
54966,1,61,61,0,0,0
54971,0,61,61,0,0,0
55015,0,61,61,0,0,0
55027,0,61,61,0,0,0
55039,1,61,61,0,0,0
55040,0,61,61,0,0,0
55050,1,61,61,0,0,0
55092,1,61,61,0,0,0
55140,1,61,61,0,0,0
55187,0,61,61,0,0,0
55222,0,61,61,0,0,0
55262,1,61,61,0,0,0
55266,0,61,61,0,0,0
55270,0,61,61,0,0,0
55280,0,61,61,0,0,0
55305,0,61,61,0,0,0
55306,0,61,61,0,0,0
55326,0,61,61,0,0,0
55327,1,61,61,5,3,2
55346,0,61,61,0,0,0
55360,1,61,61,0,0,0
55370,0,61,61,0,0,0
55375,1,61,61,0,0,0
55429,1,61,61,0,0,0
55444,0,61,61,0,0,0
55445,1,61,61,0,0,0
55449,0,61,61,0,0,0
55480,1,61,61,0,0,0
55506,1,61,61,0,0,0
55522,1,61,61,0,0,0
55534,0,61,61,0,0,0
55560,0,61,61,0,0,0
55587,0,61,61,0,0,0
55647,1,61,61,0,0,0
55665,0,61,61,0,0,0
55681,0,61,61,0,0,0
55731,1,61,61,0,0,0
55802,1,61,61,0,0,0
55808,1,61,61,0,0,0
55867,0,61,61,0,0,0
55882,0,61,61,0,0,0
55886,1,61,61,0,0,0
55896,1,61,61,0,0,0
55897,1,61,61,0,0,0
55924,0,61,61,0,0,0
55932,1,61,61,0,0,0
55998,1,61,61,0,0,0
56000,1,61,61,0,0,0
56011,0,61,61,0,0,0
56015,0,61,61,0,0,0
56049,0,61,61,0,0,0
56054,0,61,61,0,0,0
56079,0,61,61,0,0,0
56089,1,61,61,0,0,0
56101,1,61,61,0,0,0
56159,1,61,61,0,0,0
56178,0,61,61,0,0,0
56193,1,61,61,0,0,0
56201,0,61,61,0,0,0
56215,1,61,61,0,0,0
56218,1,61,61,0,0,0
56221,0,61,61,0,0,0
56236,0,61,61,0,0,0
56251,0,61,61,0,0,0
56303,1,61,61,0,0,0
56325,1,61,61,0,0,0
56330,1,61,61,0,0,0
56333,0,61,61,0,0,0
56345,0,61,61,0,0,0
56361,0,61,61,0,0,0
56380,1,61,61,0,0,0
56381,1,61,61,0,0,0
56386,0,61,61,0,0,0
56392,1,61,61,0,0,0
56402,0,61,61,0,0,0
56420,0,61,61,0,0,0
56422,1,61,61,0,0,0
56479,1,61,61,0,0,0
56505,1,61,61,0,0,0
56511,1,61,61,0,0,0
56564,0,61,61,0,0,0
56626,0,61,61,0,0,0
56631,1,61,61,0,0,0
56646,1,61,61,61,61,0
56699,0,61,61,0,0,0
56702,0,61,61,0,0,0
56705,1,61,61,0,0,0
56711,1,61,61,0,0,0
56742,0,61,61,0,0,0
56750,1,61,61,0,0,0
56755,0,61,61,0,0,0
56762,0,61,61,0,0,0
56778,0,61,61,0,0,0
56848,1,61,61,0,0,0
56873,0,61,61,0,0,0
56901,0,61,61,0,0,0
56924,0,61,61,0,0,0
56925,0,61,61,0,0,0
56927,0,61,61,0,0,0
56962,1,61,61,0,0,0
56972,1,61,61,0,0,0
56981,0,61,61,0,0,0
56988,1,61,61,0,0,0
57046,1,61,61,0,0,0
57071,1,61,61,0,0,0
